ts,uid,id.orig_h,id.orig_p,id.resp_h,id.resp_p,proto,service,duration,orig_bytes,resp_bytes,conn_state,missed_bytes,history,orig_pkts,orig_ip_bytes,resp_pkts,resp_ip_bytes,label,detailed-label
1538572954,Cu3Tieri43IPsyBO3,0,42789,0,53,0,0,0,0,0,0,0,0,1,67,0,0,0,0
1538572959,Cbetl72NeXczaqQ8Lj,0,60546,0,53,0,0,1,1,1,1,0,1,2,146,2,146,0,0
1538572983,CUmQWl2ZA2hrbNtohe,0,37320,0,53,0,0,2,2,2,0,0,0,2,134,0,0,0,0
1538572993,C9oEZWtG35wx1Mqq5,0,51338,0,53,0,0,3,1,1,1,0,1,2,146,2,146,0,0
1538572993,CbhqpU1oZZyrP7PE6i,0,60088,0,53,0,0,4,3,3,1,0,1,3,201,2,198,0,0
1538573008,CGnKaI1ugpq8xlKpwe,0,51470,0,53,0,0,5,1,1,1,0,1,2,146,2,146,0,0
1538572998,C0gyyCeYCgh7PLJlk,0,53043,0,53,0,0,6,2,2,0,0,0,2,134,0,0,0,0
1538573018,CmQJAHWaKPtp846r3,0,49307,0,53,0,0,7,1,1,1,0,1,2,146,2,146,0,0
1538573008,CySgXpyp1TF2dj73g,0,57913,0,53,0,0,8,2,2,0,0,0,2,134,0,0,0,0
1538572998,C8Bp5r4Ps9pq5ParI4,0,123,1,123,0,1,0,0,0,0,0,0,1,76,0,0,0,0
1538573050,CXykeR1KaPsSCWrnid,0,38953,0,53,0,0,9,2,2,0,0,0,2,134,0,0,0,0
1538573060,C6dfdy62LceJ2Ukkh,0,47797,0,53,0,0,10,1,1,1,0,1,2,146,2,146,0,0
1538573070,CIbhd33f5DIlyNu8Tj,0,55212,0,53,0,0,11,1,1,1,0,1,2,146,2,146,0,0
1538573060,Cpfro7SN96sZQBJZk,0,48424,0,53,0,0,12,2,2,0,0,0,2,134,0,0,0,0
1538573080,C2Vjta1KA4aYyKgAKk,0,35291,0,53,0,0,13,1,1,1,0,1,2,146,2,146,0,0
1538573070,ChMj184YFh4tk3BMma,0,55684,0,53,0,0,14,2,2,0,0,0,2,134,0,0,0,0
1538573051,CEIpGZc2eJsl5LOe6,0,123,2,123,0,1,0,0,0,0,0,0,1,76,0,0,0,0
1538573126,C2DMMB4ZAzyHGnW7b9,0,58955,0,53,0,0,15,1,1,1,0,1,2,146,2,146,0,0
1538573116,CHIfjoAWhXef7QYY1,0,54624,0,53,0,0,16,2,2,0,0,0,2,134,0,0,0,0
1538573128,CuzyB5upqpk2Ygr1f,0,38722,0,53,0,0,17,2,2,0,0,0,2,134,0,0,0,0
1538573133,CaFD7t4x11rNjJyXpe,0,41174,3,443,1,1,18,4,2,0,0,2,3,180,0,0,1,1
1538573133,CuZpfKc5Vd5fvhJJ7,0,55552,4,53,0,0,19,5,4,1,0,1,1,67,1,83,0,0
1538573141,C2gDegk8EvlOlAaJi,0,41174,3,443,1,1,0,0,0,0,0,2,1,60,0,0,1,1
1538573126,CIedhc3lt8B7BEl8Oe,0,46374,0,53,0,0,20,2,2,0,0,0,2,134,0,0,0,0
1538573136,CMZIt54K67qBcAtwe,0,34397,0,53,0,0,21,1,1,1,0,1,2,146,2,146,0,0
1538573149,CY9Vox2T9RVyTvV5Zc,0,41174,3,443,1,1,0,0,0,0,0,2,1,60,0,0,1,1
1538573146,CJKfFS2y18khvBjAf8,0,44943,0,53,0,0,22,1,1,1,0,1,2,146,2,146,0,0
1538573136,CwhZxG3WEiwviRxHRc,0,35613,0,53,0,0,23,2,2,0,0,0,2,134,0,0,0,0
1538573120,CocweeffnM4x4ju1f,0,123,5,123,0,1,0,0,0,0,0,0,1,76,0,0,0,0
1538573178,CT781125cyN34B4KZa,0,52495,4,53,0,0,0,0,0,0,0,0,1,67,0,0,0,0
1538573183,C0kC3k3W0cc7jBilB4,0,40356,4,53,0,0,0,0,0,0,0,0,1,67,0,0,0,0
1538573173,CZndum2TPUPQJUelGa,0,47646,0,53,0,0,24,2,2,0,0,0,2,134,0,0,0,0
1538573189,C4kCFw16ZeP5cy0Loi,0,54698,4,53,0,0,0,0,0,0,0,0,1,67,0,0,0,0
1538573181,CKqnDb2yiFsahe4L1g,0,57992,0,53,0,0,25,2,2,0,0,0,2,134,0,0,0,0
1538573191,CE5AM14K3LpiPbeJf1,0,44543,0,53,0,0,26,1,1,1,0,1,2,146,2,146,0,0
1538573194,CSjGb4RyNs03Mk5Ec,0,52548,4,53,0,0,0,0,0,0,0,0,1,67,0,0,0,0
1538573199,CUiDHg3ZO2QEGrQnc3,0,55036,4,53,0,0,0,0,0,0,0,0,1,67,0,0,0,0
1538573201,CgCTCa1zR5PdqVQUth,0,44364,0,53,0,0,27,1,1,1,0,1,2,146,2,146,0,0
1538573191,CYkw212qGL2BjV6ppf,0,51098,0,53,0,0,12,2,2,0,0,0,2,134,0,0,0,0
1538573211,Cbbx2v4wEcr6HbQIo2,0,52579,0,53,0,0,28,1,1,1,0,1,2,146,2,146,0,0
1538573201,CXZFuF4J8e7ATIwTMl,0,47383,0,53,0,0,29,2,2,0,0,0,2,134,0,0,0,0
1538573214,CwXN7r1At3rMyOD03j,0,43991,0,53,0,0,30,2,4,1,0,1,2,134,1,83,0,0
1538573184,Cr5M8P3zFzm0KmOOT8,0,123,6,123,0,1,0,0,0,0,0,0,1,76,0,0,0,0
1538573255,Ce1Yl64pVeUtjkxqPi,0,52228,0,53,0,0,31,1,1,1,0,1,2,146,2,146,0,0
1538573245,CWYwsV2zBcx0B6fKa,0,48182,0,53,0,0,32,2,2,0,0,0,2,134,0,0,0,0
1538573265,CKO7ljslBYSndy4F9,0,45828,0,53,0,0,33,1,1,1,0,1,2,146,2,146,0,0
1538573255,CVLGry1VAk6g1cR0T1,0,49283,0,53,0,0,16,2,2,0,0,0,2,134,0,0,0,0
1538573275,CosMzr17mzUQxo4c5l,0,40206,0,53,0,0,1,1,1,1,0,1,2,146,2,146,0,0
1538573265,CGKLD41kc3BL5LsDS1,0,45339,0,53,0,0,34,2,2,0,0,0,2,134,0,0,0,0
1538573275,Ch6x1t3sIrR4U8fvR1,0,55077,0,53,0,0,35,2,2,0,0,0,2,134,0,0,0,0
1538573285,CQHVDA3qghmCQBg993,0,48026,0,53,0,0,36,1,1,1,0,1,2,146,2,146,0,0
1538573310,CxEnpS1oJfcpDGxy3l,0,48776,0,53,0,0,37,2,5,1,0,1,2,134,1,131,0,0
1538573315,Cy4xcJ3NT5oyf4MGO,0,50873,0,53,0,0,38,5,5,1,0,1,1,67,1,131,0,0
1538573315,C81YHz3fmVenBYHQ3k,0,37851,0,53,0,0,0,0,0,0,0,0,1,67,0,0,0,0
1538573330,CJOPVk1GKe2OQVB7h8,0,42664,0,53,0,0,39,6,6,1,0,1,1,73,1,73,0,0
1538573320,CatUH23VV3weBDAk35,0,57473,0,53,0,0,40,2,2,0,0,0,2,134,0,0,0,0
1538573330,CnPTjiHTbmMx1tRth,0,45176,0,53,0,0,41,6,6,1,0,1,1,73,1,73,0,0
1538573340,CX2Jtm4mk6FaETOuD2,0,53033,0,53,0,0,42,6,6,1,0,1,1,73,1,73,0,0
1538573330,CRTsIM1uS8RZvpNOJg,0,49070,0,53,0,0,34,2,2,0,0,0,2,134,0,0,0,0
1538573340,C5Xg4e23VLkAdQ9iU2,0,43201,0,53,0,0,43,6,6,1,0,1,1,73,1,73,0,0
1538573350,CBqC2O3Tf88viK7mIb,0,35251,0,53,0,0,44,6,6,1,0,1,1,73,1,73,0,0
1538573340,CG1sj63fhMNaCerybd,0,57514,0,53,0,0,12,2,2,0,0,0,2,134,0,0,0,0
1538573350,Cx5Tsfz0aVUgmgZD2,0,54271,0,53,0,0,41,6,6,1,0,1,1,73,1,73,0,0
1538573321,CBb6iJ2Z7b850qBpSj,0,123,7,123,0,1,0,0,0,0,0,0,1,76,0,0,0,0
1538573386,Clehcz1UJDHM9KB9X8,0,40291,0,53,0,0,45,6,6,1,0,1,1,73,1,73,0,0
1538573376,COOMtP3xZYayPt5wy,0,32813,0,53,0,0,40,2,2,0,0,0,2,134,0,0,0,0
1538573386,CvvHDe3Ashx7j0lAAb,0,43338,0,53,0,0,46,6,6,1,0,1,1,73,1,73,0,0
1538573396,CZJEJn4xdPS7QXOnSe,0,55282,0,53,0,0,47,6,6,1,0,1,1,73,1,73,0,0
1538573386,CHl4Up24scgWVRT0q5,0,44607,0,53,0,0,20,2,2,0,0,0,2,134,0,0,0,0
1538573396,C0VGY148bqekKi7S5f,0,41144,0,53,0,0,48,6,6,1,0,1,1,73,1,73,0,0
1538573088,CqohSh3JorBijEyP7f,1,60573,8,22,1,1,49,7,7,2,0,3,3,192,6,752,0,0
1538573406,Cf5eSj2PmG2sIsanH,0,34073,0,53,0,0,50,6,6,1,0,1,1,73,1,73,0,0
1538573396,CCfc2J1qZaipJY5wcg,0,40290,0,53,0,0,16,2,2,0,0,0,2,134,0,0,0,0
1538573406,CFy5qmOennEpD04Ae,0,37641,0,53,0,0,51,6,6,1,0,1,1,73,1,73,0,0
1538573320,CJzV4IzxniaMhpYvc,0,123,9,123,0,1,52,8,8,1,0,1,10,760,10,760,0,0
1538573387,CByIlk2op29bbSFenf,0,123,10,123,0,1,0,0,0,0,0,0,1,76,0,0,0,0
1538573450,Ci0g6tVHp8KEiH92h,0,38430,0,53,0,0,53,6,6,1,0,1,1,73,1,73,0,0
1538573440,Cv8sTE1NsyhPa8tm5b,0,49974,0,53,0,0,54,2,2,0,0,0,2,134,0,0,0,0
1538573450,Ccnss34sFaZqWoH27g,0,39011,0,53,0,0,48,6,6,1,0,1,1,73,1,73,0,0
1538573460,CqpLNv1eEZM6v5Woc4,0,37905,0,53,0,0,55,6,6,1,0,1,1,73,1,73,0,0
1538573450,C5KDvR3jFuSmuwhoT1,0,43264,0,53,0,0,12,2,2,0,0,0,2,134,0,0,0,0
1538573460,CXIDoHUU0o0lEe3K7,0,54594,0,53,0,0,56,6,6,1,0,1,1,73,1,73,0,0
1538573470,CmSj8A2bFGLV905dA9,0,51599,0,53,0,0,57,6,6,1,0,1,1,73,1,73,0,0
1538573460,Cwul7BrcQzdFTxWV4,0,43337,0,53,0,0,58,2,2,0,0,0,2,134,0,0,0,0
1538573470,CcBZ6Iwn2rQGcKjmj,0,44199,0,53,0,0,48,6,6,1,0,1,1,73,1,73,0,0
1538573434,CA3MHg1NVEdkzdzDTe,0,123,9,123,0,1,59,9,9,1,0,1,1,76,1,76,0,0
1538573456,CFDwDE15VacFXqJUZ4,0,123,11,123,0,1,0,0,0,0,0,0,1,76,0,0,0,0
1538573517,CBgbNvYpszlCKgkZ1,0,43299,0,53,0,0,60,6,6,1,0,1,1,73,1,73,0,0
1538573507,C9ThJn1cZldrQ1x6df,0,32899,0,53,0,0,61,2,2,0,0,0,2,134,0,0,0,0
1538573517,Ciz0xq1QJzdgl8Q8Zi,0,41654,0,53,0,0,62,6,6,1,0,1,1,73,1,73,0,0
1538573522,CTJAb91mObVBbwxCs3,0,48808,0,53,0,0,0,0,0,0,0,0,1,67,0,0,0,0
1538573517,CamUTn2cWoglzrSXC9,0,45035,0,53,0,0,63,2,5,1,0,1,2,134,1,131,0,0
1538573527,CSBkO42fPtIUxRySXa,0,48435,0,53,0,0,23,2,2,0,0,0,2,134,0,0,0,0
1538573537,CbWjne2jWRpswLvKlc,0,36383,0,53,0,0,64,6,6,1,0,1,1,73,1,73,0,0
1538573537,Cx68Xa37cBeNFoA05k,0,50308,0,53,0,0,65,6,6,1,0,1,1,73,1,73,0,0
1538573547,CTskkn3uZsMmAOIqM4,0,37843,0,53,0,0,66,6,6,1,0,1,1,73,1,73,0,0
1538573537,C1aaxn4YBStBashRBk,0,42684,0,53,0,0,8,2,2,0,0,0,2,134,0,0,0,0
1538573547,CEeQ4T31hvMKD38MR4,0,49434,0,53,0,0,67,6,6,1,0,1,1,73,1,73,0,0
1538573498,CNipWy2S1t2xZHSGKh,0,123,9,123,0,1,68,9,9,1,0,1,1,76,1,76,0,0
1538573527,Ct1LZ53wLvQGtpjHSg,0,123,12,123,0,1,0,0,0,0,0,0,1,76,0,0,0,0
1538573584,CkjNPW2InAzxJ3KK35,0,33006,0,53,0,0,69,6,6,1,0,1,1,73,1,73,0,0
1538573574,C96pVT221EMxXBdqG,0,58909,0,53,0,0,70,2,2,0,0,0,2,134,0,0,0,0
1538573584,CFfyfm9BhO2vj0Qgg,0,43322,0,53,0,0,71,6,6,1,0,1,1,73,1,73,0,0
1538573594,CMROQU11TbjXJaZXgc,0,56473,0,53,0,0,72,6,6,1,0,1,1,73,1,73,0,0
1538573584,Cq1tPs1QtW70uTBr7f,0,44452,0,53,0,0,73,2,2,0,0,0,2,134,0,0,0,0
1538573594,COl35D1hNCHb7xz3k,0,51956,0,53,0,0,56,6,6,1,0,1,1,73,1,73,0,0
1538573604,Cnbk6F34uKBT0zXq7k,0,34463,0,53,0,0,47,6,6,1,0,1,1,73,1,73,0,0
1538573594,CESrHp4iVqpsmQV7p9,0,39062,0,53,0,0,8,2,2,0,0,0,2,134,0,0,0,0
1538573604,CvNlxW1p2iBwGYvYBf,0,33767,0,53,0,0,41,6,6,1,0,1,1,73,1,73,0,0
1538573567,CfhuXv3VObNlD0ufN2,0,123,9,123,0,1,74,9,9,1,0,1,1,76,1,76,0,0
1538573576,CrNHD63PwJA0tckktd,0,123,13,123,0,1,0,0,0,0,0,0,1,76,0,0,0,0
1538573651,CVQAu41wD11rk6iuV9,0,55032,0,53,0,0,75,6,6,1,0,1,1,73,1,73,0,0
1538573641,CjF0tK3XsG1Xw9X081,0,47244,0,53,0,0,76,2,2,0,0,0,2,134,0,0,0,0
1538573651,CAuin8kU12jGonUva,0,34170,0,53,0,0,77,6,6,1,0,1,1,73,1,73,0,0
1538573656,CDnGij2Gg7XHqw0cve,0,58180,0,53,0,0,41,5,10,1,0,1,1,67,1,67,0,0
1538573651,CWuBpvdd9smfNe09i,0,48129,0,53,0,0,78,2,5,1,0,1,2,134,1,131,0,0
1538573666,Cm3viZ2nY6QlAd5wFf,0,36699,0,53,0,0,79,1,2,0,0,0,2,146,0,0,0,0
1538573656,C0qXRe26lSxmpLUQf,0,40872,0,53,0,0,12,2,2,0,0,0,2,134,0,0,0,0
1538573634,CZXPDj3HiQJ3DDOmr4,0,123,9,123,0,1,80,9,9,1,0,1,1,76,1,76,0,0
1538573642,Cwd9cI2wrcSbEYNDvj,0,123,14,123,0,1,81,10,2,0,0,0,2,152,0,0,0,0
1538573713,CQ6kVpaGUYVZb1sui,0,42969,0,53,0,0,82,5,11,1,0,1,1,67,1,122,0,0
1538573708,CxuBa42KE2DeLL4tl7,0,43361,0,53,0,0,83,2,5,1,0,1,2,134,1,131,0,0
1538573715,CSjgkf3yW6VfSjbBr9,0,35606,0,53,0,0,84,2,2,0,0,0,2,134,0,0,0,0
1538573725,CiRUKfEfbdw0eKgWj,0,48492,0,53,0,0,85,1,2,0,0,0,2,146,0,0,0,0
1538573703,CJRLZ5dDBL7RWasR8,0,123,9,123,0,1,86,9,9,1,0,1,1,76,1,76,0,0
1538573707,CSPNU03osOjlvObhZ1,0,123,15,123,0,1,0,0,0,0,0,0,1,76,0,0,0,0
1538573710,CafmrZ1rJm5QqBNdP,0,123,16,123,0,1,0,0,0,0,0,0,1,76,0,0,0,0
1538573713,CSiyrz46ro47HMMLnb,0,123,2,123,0,1,0,0,0,0,0,0,1,76,0,0,0,0
1538573787,COHpHB24vvBPHuOlEe,0,43918,0,53,0,0,87,6,6,1,0,1,1,73,1,73,0,0
1538573777,CaZIId1DDQP4OrYvNb,0,48634,0,53,0,0,88,2,2,0,0,0,2,134,0,0,0,0
1538573787,CN1RqT3wsGMH6E8Rsj,0,55434,0,53,0,0,48,6,6,1,0,1,1,73,1,73,0,0
1538573797,C6RY91KkWfOQ3d2vd,0,34235,0,53,0,0,89,1,2,0,0,0,2,146,0,0,0,0
1538573787,C58o3Z3tr5yJvF9KFd,0,49015,0,53,0,0,90,2,2,0,0,0,2,134,0,0,0,0
1538573770,CNjowB3toHYFJLykk6,0,123,9,123,0,1,91,9,9,1,0,1,1,76,1,76,0,0
1538573774,CsaAAN3DLY1KQvRrD4,0,123,12,123,0,1,0,0,0,0,0,0,1,76,0,0,0,0
1538573776,CRVbug23J5DnVx6iR,0,123,17,123,0,1,0,0,0,0,0,0,1,76,0,0,0,0
1538573848,CwZUo61F6T79JlbLB2,0,46475,0,53,0,0,0,0,0,0,0,0,1,67,0,0,0,0
1538573843,C7NTXk4Eja9XkpxJV4,0,59044,0,53,0,0,92,2,5,1,0,1,2,134,1,131,0,0
1538573853,CueyGX3xtt9BqFwWB6,0,53541,0,53,0,0,93,2,2,0,0,0,2,134,0,0,0,0
1538573863,CIooeV2kG9vVgwovcf,0,49844,0,53,0,0,94,1,2,0,0,0,2,146,0,0,0,0
1538573837,CA2b7Y1X12qd3XYxyi,0,123,9,123,0,1,95,9,9,1,0,1,1,76,1,76,0,0
1538573838,Cj92gk3ZxbmU9h5pPc,0,123,18,123,0,1,0,0,0,0,0,0,1,76,0,0,0,0
1538573845,COSURa4hN6RvsgO2we,0,123,19,123,0,1,0,0,0,0,0,0,1,76,0,0,0,0
1538573853,CgXK25o0wjJ1VI5Gg,0,123,14,123,0,1,0,0,0,0,0,0,1,76,0,0,0,0
1538573909,CLVHMF1hwGG9HIRNP5,0,41595,0,53,0,0,96,2,2,0,0,0,2,134,0,0,0,0
1538573919,CTbSmr2UmNeBFDxoBh,0,52403,0,53,0,0,97,1,2,0,0,0,2,146,0,0,0,0
1538573929,Cvqm6P20HVrg28uaJc,0,56590,0,53,0,0,98,5,5,1,0,1,1,67,1,131,0,0
1538573929,CMCrfI2dS67kKtXAWj,0,52487,0,53,0,0,71,5,10,1,0,1,1,67,1,67,0,0
1538573905,CXbIgCSImSyvsHgG9,0,123,9,123,0,1,99,9,9,1,0,1,1,76,1,76,0,0
1538573905,CRdJulwgesEbDHIUe,0,123,20,123,0,1,100,9,9,1,0,1,1,76,1,76,0,0
1538573909,Cd8EQT1K81zzErXjBi,0,123,1,123,0,1,0,0,0,0,0,0,1,76,0,0,0,0
1538573929,C821JC4TsWGRXkqBJl,0,123,21,123,0,1,0,0,0,0,0,0,1,76,0,0,0,0
1538573981,CHLlke4tnIB7MSPSXk,0,53140,0,53,0,0,101,6,6,1,0,1,1,73,1,73,0,0
1538573971,C2eUFC2mXFoRMgxi0b,0,50501,0,53,0,0,73,2,2,0,0,0,2,134,0,0,0,0
1538573981,Cp9auw4shNMOc1Okak,0,43801,0,53,0,0,102,6,6,1,0,1,1,73,1,73,0,0
1538573986,Cw6o22Khw4UpxEoE,0,33439,0,53,0,0,0,0,0,0,0,0,1,67,0,0,0,0
1538573981,CiAWng6kyDpROuEvf,0,49591,0,53,0,0,103,2,5,1,0,1,2,134,1,131,0,0
1538573972,CDB9Go311pYmutzkGl,0,123,9,123,0,1,104,9,9,1,0,1,1,76,1,76,0,0
1538573976,CK6qSXKoNE3F2dLy8,0,123,22,123,0,1,0,0,0,0,0,0,1,76,0,0,0,0
1538573978,C1vq86lcZSuA4lwr6,0,123,23,123,0,1,0,0,0,0,0,0,1,76,0,0,0,0
1538573991,CcMnSa2qT0M9PbzCba,0,123,24,123,0,1,0,0,0,0,0,0,1,76,0,0,0,0
1538574047,CCpNGN3tMb0CPx6Zqb,0,47096,0,53,0,0,105,6,6,1,0,1,1,73,1,73,0,0
1538574037,CjAft51Osi66I7d487,0,33535,0,53,0,0,20,2,2,0,0,0,2,134,0,0,0,0
1538574047,CdRY0W3plxRj989Wk8,0,38891,0,53,0,0,56,6,6,1,0,1,1,73,1,73,0,0
1538574047,CA7iXn3OhrV3BLJdL5,0,34140,0,53,0,0,6,2,2,0,0,0,2,134,0,0,0,0
1538574057,CQO35h1J46SpE2Ozyf,0,37672,0,53,0,0,106,6,6,1,0,1,1,73,1,73,0,0
1538574057,CC05Yd43Xj1hErOYMi,0,41685,0,53,0,0,107,6,6,1,0,1,1,73,1,73,0,0
1538574039,CwzjoV1e3MgEDawYW4,0,123,25,123,0,1,0,0,0,0,0,0,1,76,0,0,0,0
1538574040,Coth0244SI61LqwOD3,0,123,9,123,0,1,108,9,9,1,0,1,1,76,1,76,0,0
1538574043,Cp0fHl3BJWl7PiVMH8,0,123,26,123,0,1,0,0,0,0,0,0,1,76,0,0,0,0
1538574113,C5KT944KawKg9iAZli,0,34822,0,53,0,0,109,6,6,1,0,1,1,73,1,73,0,0
1538574103,Cxj6093TOyu3RZ3iYj,0,55890,0,53,0,0,12,2,2,0,0,0,2,134,0,0,0,0
1538574113,ChQQlq34lpRbURGbDj,0,57694,0,53,0,0,110,6,6,1,0,1,1,73,1,73,0,0
1538574118,CEIGJs4jzkmkASycFc,0,37526,0,53,0,0,0,0,0,0,0,0,1,67,0,0,0,0
1538574113,CE4CTG2oOwt9084Qj,0,47946,0,53,0,0,111,2,5,1,0,1,2,134,1,131,0,0
1538574107,CkWKJ5pvJvvLWLk3a,0,123,9,123,0,1,112,9,9,1,0,1,1,76,1,76,0,0
1538574108,CKYHbe3qxhgfeZnpcl,0,123,27,123,0,1,0,0,0,0,0,0,1,76,0,0,0,0
1538574111,CSAex91QSzg6R3Qh47,0,123,28,123,0,1,0,0,0,0,0,0,1,76,0,0,0,0
1538574042,CoOKpb87SEE3VdP4k,0,123,29,123,0,1,113,11,12,1,0,1,8,608,8,608,0,0
1538574123,CGLiUyz8gXgogBrw2,0,123,19,123,0,1,0,0,0,0,0,0,1,76,0,0,0,0
1538574177,Ck6pFY2eLSIM772vh,0,33978,0,53,0,0,114,6,6,1,0,1,1,73,1,73,0,0
1538574167,CnOsWc2K7eRi5kt2gf,0,43169,0,53,0,0,115,2,2,0,0,0,2,134,0,0,0,0
1538574177,C8SWSZ2iRUxpv1zFrc,0,59756,0,53,0,0,71,6,6,1,0,1,1,73,1,73,0,0
1538574183,CLzxD84bUBa0VesGGl,0,59325,0,53,0,0,0,0,0,0,0,0,1,67,0,0,0,0
1538574178,CDM8im3VXxgWTIUBaj,0,41553,0,53,0,0,116,2,5,1,0,1,2,134,1,131,0,0
1538574174,CVtyA04rGfF8n9f5D,0,123,30,123,0,1,0,0,0,0,0,0,1,76,0,0,0,0
1538574174,CiMRJ21cyg6QnGDxid,0,123,9,123,0,1,117,9,9,1,0,1,1,76,1,76,0,0
1538574175,CaDw7r1xrLczpdRbh5,0,123,31,123,0,1,0,0,0,0,0,0,1,76,0,0,0,0
1538574180,Chkz9P3181SWM0Vb77,0,123,29,123,0,1,118,9,9,1,0,1,1,76,1,76,0,0
1538574188,CnQZ2s1xkHJlNQVAZa,0,123,23,123,0,1,0,0,0,0,0,0,1,76,0,0,0,0
1538574239,CefSOM17tprh7adgu7,0,34346,0,53,0,0,67,5,10,1,0,1,1,67,1,67,0,0
1538574234,CWpf7G12tWhsUqcJR3,0,43272,0,53,0,0,119,2,5,1,0,1,2,134,1,131,0,0
1538574243,C4jEfs2xzRtQOpbUUk,0,47089,0,53,0,0,35,2,2,0,0,0,2,134,0,0,0,0
1538574253,CRtmIVokgw9WPmjt4,0,52298,0,53,0,0,12,1,2,0,0,0,2,146,0,0,0,0
1538574239,CJQOyK3l6Fd2ENdghk,0,123,20,123,0,1,120,9,9,1,0,1,1,76,1,76,0,0
1538574240,CJ3N1L1M8HksbtpwZg,0,123,9,123,0,1,121,9,9,1,0,1,1,76,1,76,0,0
1538574242,COeX371QCHMiPaq3cf,0,123,17,123,0,1,0,0,0,0,0,0,1,76,0,0,0,0
1538574243,Cl03Qt4QtQX6IwIzc9,0,123,32,123,0,1,0,0,0,0,0,0,1,76,0,0,0,0
1538574174,CCoonc393StmnWVQXa,0,123,33,123,0,1,122,11,12,1,0,1,8,608,8,608,0,0
1538574249,CYcmO54Cu7ei2u783f,0,123,29,123,0,1,123,9,9,1,0,1,1,76,1,76,0,0
1538574307,CdGXuE4QUhNDjxE2G1,0,43417,0,53,0,0,12,2,2,0,0,0,2,134,0,0,0,0
1538574317,Cj59T33jNpGvgVXfmj,0,50050,0,53,0,0,124,1,2,0,0,0,2,146,0,0,0,0
1538574332,CH23Mk4YYJG8WJ5tHa,0,57401,0,53,0,0,0,0,0,0,0,0,1,67,0,0,0,0
1538574327,CfyGLmo7NRpcaSZD,0,54107,0,53,0,0,125,2,5,1,0,1,2,134,1,131,0,0
1538574300,C1GUPC2oMd4mCClFD8,0,123,34,123,0,1,0,0,0,0,0,0,1,76,0,0,0,0
1538574308,CNQgIk4mAYcgOX92K1,0,123,9,123,0,1,126,9,9,1,0,1,1,76,1,76,0,0
1538574309,CiNPSn2k58g0usaEB8,0,123,33,123,0,1,127,9,9,1,0,1,1,76,1,76,0,0
1538574310,CXxAGv4wuGyQTPgLia,0,123,14,123,0,1,0,0,0,0,0,0,1,76,0,0,0,0
1538574315,CtRLt981fPIloQVD4,0,123,29,123,0,1,128,9,9,1,0,1,1,76,1,76,0,0
1538574371,CIntzQ1sgz5vy0ba9d,0,43095,0,53,0,0,23,2,2,0,0,0,2,134,0,0,0,0
1538574381,Cx0I2u3LjstAQVKswc,0,60520,0,53,0,0,129,6,13,1,0,1,1,73,1,148,0,0
1538574381,C9gTxi4Hehuy0Vryj9,0,53125,0,53,0,0,48,6,6,1,0,1,1,73,1,73,0,0
1538574337,C16cl54RAH0Q9njbff,0,123,12,123,0,1,0,0,0,0,0,0,1,76,0,0,0,0
1538574365,CPUHUS2MaZ9KOvTVG9,0,123,35,123,0,1,130,9,9,1,0,1,1,76,1,76,0,0
1538574376,COjZta1NRHU0U4robe,0,123,9,123,0,1,131,9,9,1,0,1,1,76,1,76,0,0
1538574377,CeIxNx1BiFfVE69IT8,0,123,33,123,0,1,132,9,9,1,0,1,1,76,1,76,0,0
1538574379,Cy0ytwnic9U7FqZN,0,123,1,123,0,1,0,0,0,0,0,0,1,76,0,0,0,0
1538574384,CSjvJCzwZ5aseXOyl,0,123,29,123,0,1,133,9,9,1,0,1,1,76,1,76,0,0
1538574435,C5bQpkXhTmSHv55pl,0,58417,0,53,0,0,134,5,5,1,0,1,1,67,1,131,0,0
1538574435,CEO1Ah4cPgJSIQv0P1,0,39348,0,53,0,0,0,0,0,0,0,0,1,67,0,0,0,0
1538574440,CwvRe64FHjQyz7yEQ5,0,60770,0,53,0,0,135,2,2,0,0,0,2,134,0,0,0,0
1538574450,CBbHVB2oOyoGkDzq4a,0,56726,0,53,0,0,136,6,6,1,0,1,1,73,1,73,0,0
1538574450,CPaszNUxiKxs0RSAa,0,33752,0,53,0,0,41,6,6,1,0,1,1,73,1,73,0,0
1538574431,CgDUOE4A4n5J6gBBel,0,123,36,123,0,1,0,0,0,0,0,0,1,76,0,0,0,0
1538574440,CAOU6g4VJuV8HNxWTd,0,123,2,123,0,1,0,0,0,0,0,0,1,76,0,0,0,0
1538574445,CVbUja40aweqHtM81c,0,123,9,123,0,1,137,9,9,1,0,1,1,76,1,76,0,0
1538574445,COR3Ze1U19DtpY880k,0,123,19,123,0,1,0,0,0,0,0,0,1,76,0,0,0,0
1538574446,CkrIcy3EZrpALM8Thc,0,123,33,123,0,1,138,9,9,1,0,1,1,76,1,76,0,0
1538574378,CtWQnh4eL8Pl2mdQ5l,0,123,5,123,0,1,139,11,12,1,0,1,8,608,8,608,0,0
1538574453,CHNyLo7yW1iSCz8Za,0,123,29,123,0,1,140,9,9,1,0,1,1,76,1,76,0,0
1538574498,CSv0202Y16XqaJHja8,0,55921,0,53,0,0,141,2,2,0,0,0,2,134,0,0,0,0
1538574508,Ceird3gWfLvLQqnMd,0,47111,0,53,0,0,142,6,6,1,0,1,1,73,1,73,0,0
1538574508,CZkEOvTolSFdYH7B8,0,44407,0,53,0,0,71,6,6,1,0,1,1,73,1,73,0,0
1538574518,Ctsx6H2CeHXFZzcPah,0,35286,0,53,0,0,143,6,6,1,0,1,1,73,1,73,0,0
1538574508,CH5pBS26ZJQheZcgef,0,48054,0,53,0,0,8,2,2,0,0,0,2,134,0,0,0,0
1538574518,ChaC7j2E3RjINuQut6,0,57101,0,53,0,0,144,6,6,1,0,1,1,73,1,73,0,0
1538574528,CsKzdfcKbP6LFrtf4,0,58173,0,53,0,0,145,6,6,1,0,1,1,73,1,73,0,0
1538574518,CMDdIa1fk9C2frL2ma,0,35012,0,53,0,0,12,2,2,0,0,0,2,134,0,0,0,0
1538574528,CUiBkMMNxh7OOobX4,0,59942,0,53,0,0,146,6,6,1,0,1,1,73,1,73,0,0
1538574499,CKlihZ3q59x1ujSZih,0,123,37,123,0,1,0,0,0,0,0,0,1,76,0,0,0,0
1538574513,CD6eVK3SLcUsM9hDa4,0,123,9,123,0,1,147,9,9,1,0,1,1,76,1,76,0,0
1538574514,C1poM54x3LVNt1LCzg,0,123,33,123,0,1,148,9,9,1,0,1,1,76,1,76,0,0
1538574519,CyejXv4smL3bIcFcN9,0,123,5,123,0,1,149,9,9,1,0,1,1,76,1,76,0,0
1538574522,CynxLM2xFWSCXB6A95,0,123,29,123,0,1,150,9,9,1,0,1,1,76,1,76,0,0
1538574564,CXUmuq2UxiiVaC97e,0,55648,0,53,0,0,115,2,2,0,0,0,2,134,0,0,0,0
1538574574,CooHfB2d4KHTEm9K47,0,34051,0,53,0,0,151,6,6,1,0,1,1,73,1,73,0,0
1538574574,CQVotsqooliVyisg9,0,54753,0,53,0,0,56,6,6,1,0,1,1,73,1,73,0,0
1538574584,C2307b2vquGaG464k,0,39173,0,53,0,0,152,6,6,1,0,1,1,73,1,73,0,0
1538574574,CJw4hO34pjN0qDXTbl,0,34140,0,53,0,0,153,2,2,0,0,0,2,134,0,0,0,0
1538574584,Cuew9ScvKwtlVaGD6,0,37765,0,53,0,0,46,6,6,1,0,1,1,73,1,73,0,0
1538574584,CNnRxm2VjL4vHi0ZNd,0,52778,0,53,0,0,12,2,2,0,0,0,2,134,0,0,0,0
1538574594,CvndYq3YvYX6c12ML9,0,51878,0,53,0,0,154,6,6,1,0,1,1,73,1,73,0,0
1538574594,C2b52y1zipT0vawDy2,0,36452,0,53,0,0,155,6,6,1,0,1,1,73,1,73,0,0
1538574568,C1oNqsUJFNR8wR7w6,0,123,34,123,0,1,0,0,0,0,0,0,1,76,0,0,0,0
1538574580,CctZZL3rKC77ryIKJl,0,123,33,123,0,1,156,9,9,1,0,1,1,76,1,76,0,0
1538574631,CnF39o1oK4x2bF8za,0,54180,0,53,0,0,157,5,5,1,0,1,1,67,1,131,0,0
1538574631,C9EiEV3mTqGqXa6tMk,0,40809,0,53,0,0,56,5,10,1,0,1,1,67,1,67,0,0
1538574582,C1rHjk2bYzlSK5ZPta,0,123,9,123,0,1,158,9,9,1,0,1,1,76,1,76,0,0
1538574586,CNvZfo95mHZkCR8vk,0,123,5,123,0,1,159,9,9,1,0,1,1,76,1,76,0,0
1538574590,CSu52f1uSlsiqIHkqc,0,123,29,123,0,1,160,9,9,1,0,1,1,76,1,76,0,0
1538574646,C4rI3r3OL5ow9xuDA4,0,35051,0,53,0,0,161,6,6,1,0,1,1,73,1,73,0,0
1538574636,CSL3gv2oYdRWVwNPBk,0,54054,0,53,0,0,162,2,2,0,0,0,2,134,0,0,0,0
1538574646,CR8Ebf4NT8qyXlySpg,0,47065,0,53,0,0,163,6,6,1,0,1,1,73,1,73,0,0
1538574656,CgAOe12A11Jr3sarAk,0,40109,0,53,0,0,154,6,6,1,0,1,1,73,1,73,0,0
1538574646,CikMtj4hw3DFobwVC5,0,54187,0,53,0,0,29,2,2,0,0,0,2,134,0,0,0,0
1538574656,ChgqeG3xVu0ViKRVNh,0,50522,0,53,0,0,56,6,6,1,0,1,1,73,1,73,0,0
1538574631,CMYbuF3t9vOlNPPbRe,0,123,2,123,0,1,0,0,0,0,0,0,1,76,0,0,0,0
1538574633,Cxk5V7uamNofvGhg8,0,123,18,123,0,1,0,0,0,0,0,0,1,76,0,0,0,0
1538574647,CzhLhA3tmi16UnkQud,0,123,33,123,0,1,164,9,9,1,0,1,1,76,1,76,0,0
1538574648,CO63yc1b73KnhYu5ef,0,123,9,123,0,1,165,9,9,1,0,1,1,76,1,76,0,0
1538574699,C5Yp9E2XRWBtkg89Y4,0,37051,0,53,0,0,166,5,5,1,0,1,1,67,1,131,0,0
1538574699,CrRBjR3SuOZND14Qtf,0,57761,0,53,0,0,0,0,0,0,0,0,1,67,0,0,0,0
1538574652,CzROP21vp62VmxKDp5,0,123,5,123,0,1,167,9,9,1,0,1,1,76,1,76,0,0
1538574659,CjV1J8lyLXJesXq25,0,123,29,123,0,1,168,9,9,1,0,1,1,76,1,76,0,0
1538574709,CYo0Hd3RNOiRsGtYr1,0,59269,0,53,0,0,0,0,0,0,0,0,1,67,0,0,0,0
1538574704,Cuyeja3QC0ceS4V0fi,0,58658,0,53,0,0,169,2,5,1,0,1,2,134,1,131,0,0
1538574714,CzO4v94Kz5uFWfgmO4,0,37739,0,53,0,0,170,2,2,0,0,0,2,134,0,0,0,0
1538574724,CBGazq2fwUHoelpzAa,0,35862,0,53,0,0,171,6,6,1,0,1,1,73,1,73,0,0
1538574724,CCz0If4slyPeBHrJu4,0,41052,0,53,0,0,71,6,6,1,0,1,1,73,1,73,0,0
1538574696,CyTmW9BqHygTGM96d,0,123,31,123,0,1,0,0,0,0,0,0,1,76,0,0,0,0
1538574704,CkLVT44FZSRggR4FJ9,0,123,12,123,0,1,0,0,0,0,0,0,1,76,0,0,0,0
1538574714,CbJnyPY8BOw8pdIjb,0,123,33,123,0,1,172,9,9,1,0,1,1,76,1,76,0,0
1538574714,CwMRjF4mWkr0YsWni7,0,123,15,123,0,1,0,0,0,0,0,0,1,76,0,0,0,0
1538574717,CkD7pq4LgFfhUach4g,0,123,9,123,0,1,173,9,9,1,0,1,1,76,1,76,0,0
1538574718,CQ9IEv13WhVii9u3Lj,0,123,5,123,0,1,174,9,9,1,0,1,1,76,1,76,0,0
1538574727,CurOxvopo6tftxAv6,0,123,29,123,0,1,175,9,9,1,0,1,1,76,1,76,0,0
1538574779,C6l4X42DsLkqtOYxp6,0,34591,0,53,0,0,0,0,0,0,0,0,1,67,0,0,0,0
1538574774,Cj9rGo3H4avFzmT1a2,0,43963,0,53,0,0,176,2,5,1,0,1,2,134,1,131,0,0
1538574760,CLwLfk4adE8IbQqz94,0,123,6,123,0,1,0,0,0,0,0,0,1,76,0,0,0,0
1538574764,CH9KOh3mSIFWNijFhi,0,123,18,123,0,1,0,0,0,0,0,0,1,76,0,0,0,0
1538574764,CK9MJt1nGcU11qcLB7,0,123,14,123,0,1,0,0,0,0,0,0,1,76,0,0,0,0
1538574832,C4pkGewZlUvckVNNh,0,59993,0,53,0,0,177,5,5,1,0,1,1,67,1,131,0,0
1538574832,CuXQsE4DthrG6UO8mf,0,37421,0,53,0,0,178,5,11,1,0,1,1,67,1,122,0,0
1538574783,CdQelgYo4e88CbN2e,0,123,33,123,0,1,172,9,9,1,0,1,1,76,1,76,0,0
1538574784,CnIWwN31NUpvYyjUe,0,123,13,123,0,1,0,0,0,0,0,0,1,76,0,0,0,0
1538574785,CDxykq3ciVmAXfnvc8,0,123,9,123,0,1,179,9,9,1,0,1,1,76,1,76,0,0
1538574787,CgFaK33j6HwdeKbric,0,123,5,123,0,1,27,9,9,1,0,1,1,76,1,76,0,0
1538574795,C8a0Q13KsD2aDusZk3,0,123,29,123,0,1,172,9,9,1,0,1,1,76,1,76,0,0
1538574826,CFeMAd1SoN2gxi2lb9,0,123,38,123,0,1,0,0,0,0,0,0,1,76,0,0,0,0
1538574828,CF55rE4Su0r07jd7Lk,0,123,16,123,0,1,0,0,0,0,0,0,1,76,0,0,0,0
1538574832,CRHbyg8SsoYFjbcpa,0,123,18,123,0,1,0,0,0,0,0,0,1,76,0,0,0,0
1538574839,CkLNqR16C5O9cySh19,0,123,37,123,0,1,0,0,0,0,0,0,1,76,0,0,0,0
1538574849,Co3P10313nfMJdYqA1,0,123,33,123,0,1,180,9,9,1,0,1,1,76,1,76,0,0
1538574892,CqR9B826IaXZzXMmi6,0,34264,0,53,0,0,20,2,2,0,0,0,2,134,0,0,0,0
1538574902,CiyMDs2DzBPfCVV3D5,0,44008,0,53,0,0,181,6,6,1,0,1,1,73,1,73,0,0
1538574902,CAHwNr4uJmHLgDYit8,0,56845,0,53,0,0,48,6,6,1,0,1,1,73,1,73,0,0
1538574854,Cdm3Vv3kFSjZOp2k5a,0,123,5,123,0,1,182,9,9,1,0,1,1,76,1,76,0,0
1538574854,CrScB81i7klw4vrZIa,0,123,9,123,0,1,183,9,9,1,0,1,1,76,1,76,0,0
1538574902,C7Ty2r4ttOK5oYAUyi,0,34586,0,53,0,0,8,2,2,0,0,0,2,134,0,0,0,0
1538574912,CtAPD32vrfJpyKg7Kb,0,48395,0,53,0,0,184,6,6,1,0,1,1,73,1,73,0,0
1538574912,Ck4YDW1Vk9wPYgHNyi,0,44606,0,53,0,0,41,6,6,1,0,1,1,73,1,73,0,0
1538574864,Cq27A43dhqNauxKML8,0,123,29,123,0,1,185,9,9,1,0,1,1,76,1,76,0,0
1538574901,CXqe4t35wsaZLas7pg,0,123,15,123,0,1,0,0,0,0,0,0,1,76,0,0,0,0
1538574831,CEklgT1SRH2IVWpFVh,0,123,39,123,0,1,186,11,12,1,0,1,8,608,8,608,0,0
1538574908,CofIEB48dRpl8dOzfh,0,123,40,123,0,1,0,0,0,0,0,0,1,76,0,0,0,0
1538574961,C3LseLrZ95GcBDI4j,0,48799,0,53,0,0,0,0,0,0,0,0,1,67,0,0,0,0
1538574956,CchVEx1Kpy8bhY5Uj7,0,57811,0,53,0,0,187,2,5,1,0,1,2,134,1,131,0,0
1538574918,Cnnatq4cBNbfaQpQ3h,0,123,33,123,0,1,188,9,9,1,0,1,1,76,1,76,0,0
1538574921,CJhnnY3gBDRZprliib,0,123,9,123,0,1,189,9,9,1,0,1,1,76,1,76,0,0
1538574922,C3YEs34ucG5hW7ZQ08,0,123,5,123,0,1,190,9,9,1,0,1,1,76,1,76,0,0
1538574966,Cpc2p132KXVrDFzy66,0,42012,0,53,0,0,191,2,2,0,0,0,2,134,0,0,0,0
1538574976,CTaEMA1Ma6qwWn5lQi,0,42512,0,53,0,0,55,6,6,1,0,1,1,73,1,73,0,0
1538574976,CmPzJo1zLg4Ptwo3F9,0,48758,0,53,0,0,48,6,6,1,0,1,1,73,1,73,0,0
1538574930,CDOwZC4bDp5TOw2xc7,0,123,29,123,0,1,192,9,9,1,0,1,1,76,1,76,0,0
1538574986,Cr7CEq1sIIrAgs6ybc,0,49204,0,53,0,0,193,6,6,1,0,1,1,73,1,73,0,0
1538574976,CKYh71J2BoCVmrDGc,0,34339,0,53,0,0,12,2,2,0,0,0,2,134,0,0,0,0
1538574986,CEOICHCJgtEum26c2,0,44279,0,53,0,0,194,6,6,1,0,1,1,73,1,73,0,0
1538574966,C3bX5d2QUrPKyRdM,0,123,13,123,0,1,0,0,0,0,0,0,1,76,0,0,0,0
1538574968,CI5LkR1KumF5biRw8j,0,123,39,123,0,1,195,9,9,1,0,1,1,76,1,76,0,0
1538574974,CatqI04l1gX1xY2tp6,0,123,34,123,0,1,0,0,0,0,0,0,1,76,0,0,0,0
1538575023,CkkJ1127sGRKmtBm3i,0,55375,0,53,0,0,54,2,2,0,0,0,2,134,0,0,0,0
1538575033,CnoqGP2OXxB2Hifxi6,0,40863,0,53,0,0,196,6,6,1,0,1,1,73,1,73,0,0
1538575033,CngrQZ384KIa7gIWV4,0,52541,0,53,0,0,48,6,6,1,0,1,1,73,1,73,0,0
1538574986,CUudpV3susTyqbbQh,0,123,33,123,0,1,197,9,9,1,0,1,1,76,1,76,0,0
1538574987,ClUCFo2b6eByt5t67g,0,123,9,123,0,1,198,9,9,1,0,1,1,76,1,76,0,0
1538574988,C6p8Kw3XsyKT8XIx2k,0,123,5,123,0,1,199,9,9,1,0,1,1,76,1,76,0,0
1538575034,CMUEM31qE2cJoI6ouf,0,59502,0,53,0,0,73,2,2,0,0,0,2,134,0,0,0,0
1538575044,C5JiOd2PdWs5oziDtb,0,52907,0,53,0,0,55,6,6,1,0,1,1,73,1,73,0,0
1538575044,C3YsWtriZP6NLDVpe,0,51997,0,53,0,0,51,6,6,1,0,1,1,73,1,73,0,0
1538574996,CMLBNln0CovyOJCy9,0,123,29,123,0,1,200,9,9,1,0,1,1,76,1,76,0,0
1538575054,C0M0oL33bnH77YOMU6,0,50470,0,53,0,0,46,6,6,1,0,1,1,73,1,73,0,0
1538575044,CTqR4V1e2SzYrhUzFc,0,51659,0,53,0,0,201,2,2,0,0,0,2,134,0,0,0,0
1538575054,Cifjy84KtGeY4KpKz,0,41149,0,53,0,0,41,6,6,1,0,1,1,73,1,73,0,0
1538575020,CXubsY2F0OBo44Xvpl,0,123,16,123,0,1,0,0,0,0,0,0,1,76,0,0,0,0
1538575036,CdS41o3KXcs4oGzxsc,0,123,39,123,0,1,202,9,9,1,0,1,1,76,1,76,0,0
1538575088,C1kV0w3MYMF68ahAng,0,54472,0,53,0,0,170,2,2,0,0,0,2,134,0,0,0,0
1538575098,C4e3Ew1gapZsuwirT,0,57771,0,53,0,0,71,6,6,1,0,1,1,73,1,73,0,0
1538575098,CVVK5L2sCDlVPh8Kf3,0,41482,0,53,0,0,56,6,6,1,0,1,1,73,1,73,0,0
1538575053,CkkmGz2ByYi3Pd3C7e,0,123,9,123,0,1,203,9,9,1,0,1,1,76,1,76,0,0
1538575054,CkfqdU3W7dKsLukKta,0,123,33,123,0,1,204,9,9,1,0,1,1,76,1,76,0,0
1538575057,CP6UfX00r0tfb47l,0,123,5,123,0,1,205,9,9,1,0,1,1,76,1,76,0,0
1538575063,CUA7FB3gqfKMwkNKa2,0,123,29,123,0,1,172,9,9,1,0,1,1,76,1,76,0,0
1538575104,C63KlF4T6kWcAGkPNk,0,123,39,123,0,1,206,9,9,1,0,1,1,76,1,76,0,0
1538575120,CGhJUgXTozdtE5bUj,0,123,9,123,0,1,207,9,9,1,0,1,1,76,1,76,0,0
1538575123,CyfP8u2Zec8cTlgC8k,0,123,5,123,0,1,208,9,9,1,0,1,1,76,1,76,0,0
1538575123,Ch7Ixk4kjkVqazM649,0,123,33,123,0,1,209,9,9,1,0,1,1,76,1,76,0,0
1538575132,CIucsq2Qb3pjDc68U1,0,123,29,123,0,1,210,9,9,1,0,1,1,76,1,76,0,0
1538575088,CNz9MW2QB2GYnER6eg,0,123,31,123,0,1,211,11,12,1,0,1,8,608,8,608,0,0
1538575173,CIS2U9hOSnkApUR43,0,123,39,123,0,1,212,9,9,1,0,1,1,76,1,76,0,0
1538575189,C0FN3O2oHjEsRaTB3,0,123,9,123,0,1,213,9,9,1,0,1,1,76,1,76,0,0
1538575191,C8bMZN3wA0NX9eJKla,0,123,5,123,0,1,214,9,9,1,0,1,1,76,1,76,0,0
1538575191,Ci4PvZFdBmLBNAIgf,0,123,33,123,0,1,215,9,9,1,0,1,1,76,1,76,0,0
1538575199,CSCg6o28uRmj44Tl67,0,123,29,123,0,1,216,9,9,1,0,1,1,76,1,76,0,0
1538575227,CZfIrZ1HMVyTp9eE2k,0,123,31,123,0,1,217,9,9,1,0,1,1,76,1,76,0,0
1538575239,C1Xb3I3BQrRPTndA8k,0,123,39,123,0,1,218,9,9,1,0,1,1,76,1,76,0,0
1538575258,CPpiIU1OG112kErXRh,0,123,9,123,0,1,219,9,9,1,0,1,1,76,1,76,0,0
1538575259,CJYmfVrHKqapFf6Hc,0,123,5,123,0,1,220,9,9,1,0,1,1,76,1,76,0,0
1538575321,CMY6xS2bC5vCm9RKG5,0,123,33,123,0,1,221,9,9,1,0,1,1,76,1,76,0,0
1538575332,CjATaw1uuhYKpXwQUa,0,123,29,123,0,1,222,9,9,1,0,1,1,76,1,76,0,0
1538575360,CfXJW71L1SGDAA5Y2c,0,123,31,123,0,1,223,9,9,1,0,1,1,76,1,76,0,0
1538575375,C9imCL2HeRr7TzonK9,0,123,39,123,0,1,224,9,9,1,0,1,1,76,1,76,0,0
1538575391,CobzcsXPGaea8E7Nd,0,123,5,123,0,1,225,9,9,1,0,1,1,76,1,76,0,0
1538575394,CgXbqn2uoBcRLWZwp6,0,123,9,123,0,1,226,9,9,1,0,1,1,76,1,76,0,0
1538575458,CantR524Ikij6oUvA1,0,123,33,123,0,1,227,9,9,1,0,1,1,76,1,76,0,0
1538575464,C2kSjO3UsYCIJmFJk9,0,123,29,123,0,1,228,9,9,1,0,1,1,76,1,76,0,0
1538575494,CKfdb31Z4MnR2BNfyk,0,123,31,123,0,1,229,9,9,1,0,1,1,76,1,76,0,0
1538575506,CACWDm3rRW4SEYoHq,0,123,39,123,0,1,230,9,9,1,0,1,1,76,1,76,0,0
1538575525,CHNsKsaJL1MndRWYb,0,123,5,123,0,1,231,9,9,1,0,1,1,76,1,76,0,0
1538575527,CrEs6h4PCREkvDo7zf,0,123,9,123,0,1,232,9,9,1,0,1,1,76,1,76,0,0
1538575594,CvHFK23NAwTUSLSMj7,0,123,33,123,0,1,233,9,9,1,0,1,1,76,1,76,0,0
1538575599,CamDEU7Z1NrVErUk9,0,123,29,123,0,1,234,9,9,1,0,1,1,76,1,76,0,0
1538575627,CTf3Yv4bayXcdiIAbc,0,123,31,123,0,1,235,9,9,1,0,1,1,76,1,76,0,0
1538575638,C375L1134fnpFBMb15,0,123,39,123,0,1,167,9,9,1,0,1,1,76,1,76,0,0
1538575656,CT5OhK1G8JJoLmZXVa,0,123,5,123,0,1,236,9,9,1,0,1,1,76,1,76,0,0
1538575663,CSmRxG30MCPTT8W15a,0,123,9,123,0,1,237,9,9,1,0,1,1,76,1,76,0,0
1538575725,CAYTwUdPlAfki4Edf,0,123,33,123,0,1,238,9,9,1,0,1,1,76,1,76,0,0
1538575728,C9iofV1uB0URGSFmEj,0,123,29,123,0,1,239,9,9,1,0,1,1,76,1,76,0,0
1538575764,CuRVr91lE9Xg73NlYi,0,123,31,123,0,1,240,9,9,1,0,1,1,76,1,76,0,0
1538575771,CPDFYC2OsouDt90uof,0,123,39,123,0,1,241,9,9,1,0,1,1,76,1,76,0,0
1538575792,CzKOhj1CjglduK1GUb,0,123,5,123,0,1,242,9,9,1,0,1,1,76,1,76,0,0
1538575797,C31NBv5WHkfCiz6j5,0,123,9,123,0,1,243,9,9,1,0,1,1,76,1,76,0,0
1538575856,CYYrrr3UWzY9uBgs1,0,123,33,123,0,1,216,9,9,1,0,1,1,76,1,76,0,0
1538575860,C4WLfX153WtRjcuExb,0,123,29,123,0,1,244,9,9,1,0,1,1,76,1,76,0,0
1538575900,CCDndc3EL6QBcz8YX8,0,123,31,123,0,1,245,9,9,1,0,1,1,76,1,76,0,0
1538575905,CR88kR1q1WTXJ4iD6d,0,123,39,123,0,1,246,9,9,1,0,1,1,76,1,76,0,0
1538575920,C8cdZJuPsxrYA81Mj,0,123,5,123,0,1,247,9,9,1,0,1,1,76,1,76,0,0
1538575933,CWLXCKJfwB1ztCrOl,0,123,9,123,0,1,248,9,9,1,0,1,1,76,1,76,0,0
1538575985,Cip0Yz3EoYxtAgRXQ5,0,123,33,123,0,1,249,9,9,1,0,1,1,76,1,76,0,0
1538575993,CmoZKm3zerFazxXXI1,0,123,29,123,0,1,250,9,9,1,0,1,1,76,1,76,0,0
1538576035,Chy9Tep2QMotpd75e,0,123,31,123,0,1,251,9,9,1,0,1,1,76,1,76,0,0
1538576037,COKQYd3a8CKWHWhR9k,0,123,39,123,0,1,252,9,9,1,0,1,1,76,1,76,0,0
1538576049,COllS86PbSZSfdt2d,0,123,5,123,0,1,253,9,9,1,0,1,1,76,1,76,0,0
1538576067,CINOZY1iW3OYBiGLG9,0,123,9,123,0,1,254,9,9,1,0,1,1,76,1,76,0,0
1538576120,Cjx1oq4IWvO6hsxVzh,0,123,33,123,0,1,255,9,9,1,0,1,1,76,1,76,0,0
1538576124,Cr1qfz1YPblXZQZ309,0,123,29,123,0,1,256,9,9,1,0,1,1,76,1,76,0,0
1538576163,CEgMSE4KDJoGR29UA3,0,123,31,123,0,1,240,9,9,1,0,1,1,76,1,76,0,0
1538576165,CL2k2x1bIC0kUMXjFb,0,123,39,123,0,1,257,9,9,1,0,1,1,76,1,76,0,0
1538576178,CzHneg2dZIeD9bX8Z8,0,123,5,123,0,1,258,9,9,1,0,1,1,76,1,76,0,0
1538576201,CjYJxQ3jkmlitA48xj,0,123,9,123,0,1,259,9,9,1,0,1,1,76,1,76,0,0
1538576254,Co8j2m2wfBFSl8L4K7,0,123,29,123,0,1,260,9,9,1,0,1,1,76,1,76,0,0
1538576255,CVlcke2ylMVqgUbDoe,0,123,33,123,0,1,261,9,9,1,0,1,1,76,1,76,0,0
1538576295,CQOdtC2gO2SjTPVTPd,0,123,39,123,0,1,252,9,9,1,0,1,1,76,1,76,0,0
1538576297,CnIIb13ooloKEHa11d,0,123,31,123,0,1,262,9,9,1,0,1,1,76,1,76,0,0
1538576306,C7Pj8S24nAPu6k5Tng,0,123,5,123,0,1,263,9,9,1,0,1,1,76,1,76,0,0
1538576329,CTp11B4e0kP7XKGa9,0,123,9,123,0,1,264,9,9,1,0,1,1,76,1,76,0,0
1538576387,CFjeXZ2CHFTTVpednf,0,123,33,123,0,1,265,9,9,1,0,1,1,76,1,76,0,0
1538576387,Ccbdlw3PXW4Vjc7EF9,0,123,29,123,0,1,266,9,9,1,0,1,1,76,1,76,0,0
1538576426,CuUTYl14f2eyF5nEK5,0,123,39,123,0,1,267,9,9,1,0,1,1,76,1,76,0,0
1538576428,CSB3KoZ8Pglt0WNOi,0,123,31,123,0,1,268,9,9,1,0,1,1,76,1,76,0,0
1538576434,CppBcq2ESGbG1RgQM2,0,123,5,123,0,1,269,9,9,1,0,1,1,76,1,76,0,0
1538576457,CEnX4A2QI4k7gDNfEi,0,123,9,123,0,1,270,9,9,1,0,1,1,76,1,76,0,0
1538576517,CfF9Na19m2Ys6YeRC6,0,123,33,123,0,1,271,9,9,1,0,1,1,76,1,76,0,0
1538576517,CrV28k4Gper6hRB3me,0,123,29,123,0,1,212,9,9,1,0,1,1,76,1,76,0,0
1538576555,CwdgMy32uXV9Smn1a7,0,123,39,123,0,1,272,9,9,1,0,1,1,76,1,76,0,0
1538576559,CcUWde2sImlYDPP9J5,0,123,31,123,0,1,273,9,9,1,0,1,1,76,1,76,0,0
1538576563,CPFAiC2a49oANhmwLj,0,123,5,123,0,1,274,9,9,1,0,1,1,76,1,76,0,0
1538576591,Cec69SC8biR3RVLTc,0,123,9,123,0,1,275,9,9,1,0,1,1,76,1,76,0,0
1538576647,CoQg6r2KYtQq2ySgPd,0,123,33,123,0,1,276,9,9,1,0,1,1,76,1,76,0,0
1538576648,CiJHKv3nIYStBGp217,0,123,29,123,0,1,277,9,9,1,0,1,1,76,1,76,0,0
1538576685,Clwtup4teZEAi6mUih,0,123,39,123,0,1,278,9,9,1,0,1,1,76,1,76,0,0
1538576690,CZthlc4V03eljwsok,0,123,31,123,0,1,279,9,9,1,0,1,1,76,1,76,0,0
1538576696,CS9fJX2ocusNXpL9Bc,0,123,5,123,0,1,280,9,9,1,0,1,1,76,1,76,0,0
1538576723,ClgFlw1sSvas7SRh6i,0,123,9,123,0,1,281,9,9,1,0,1,1,76,1,76,0,0
1538576776,CdXIY44BuwnZvAggs7,0,123,29,123,0,1,282,9,9,1,0,1,1,76,1,76,0,0
1538576777,Cxbhc03pMbMwAzWGg4,0,123,33,123,0,1,283,9,9,1,0,1,1,76,1,76,0,0
1538576817,CiIE0W3GQpM5z5rXub,0,123,39,123,0,1,223,9,9,1,0,1,1,76,1,76,0,0
1538576823,CVbkpl3gHJBSa6i4dh,0,123,31,123,0,1,284,9,9,1,0,1,1,76,1,76,0,0
1538576826,C5bOSD2spIT3qgLfCa,0,123,5,123,0,1,285,9,9,1,0,1,1,76,1,76,0,0
1538576858,Cw3XmJ3ma77i3PatP8,0,123,9,123,0,1,286,9,9,1,0,1,1,76,1,76,0,0
1538576907,CcQ2wj2DB1FZoVDCG8,0,123,33,123,0,1,287,9,9,1,0,1,1,76,1,76,0,0
1538576909,CWrfLv1c8Q2W7aGZ6,0,123,29,123,0,1,288,9,9,1,0,1,1,76,1,76,0,0
1538576946,CnXMqS372E2jZFooVb,0,123,39,123,0,1,289,9,9,1,0,1,1,76,1,76,0,0
1538576953,CrXBz62ZoxUA8VvuDj,0,123,31,123,0,1,290,9,9,1,0,1,1,76,1,76,0,0
1538576955,ClSLsG4vYAau5euFDa,0,123,5,123,0,1,291,9,9,1,0,1,1,76,1,76,0,0
1538576991,CZlMKb3kisf1B1t5yc,0,123,9,123,0,1,292,9,9,1,0,1,1,76,1,76,0,0
1538577041,CGMZmS2PSGgDYG2mA,0,123,33,123,0,1,150,9,9,1,0,1,1,76,1,76,0,0
1538577042,CAyopG2Dnhf4VsYTe8,0,123,29,123,0,1,293,9,9,1,0,1,1,76,1,76,0,0
1538577075,Cm5FPK21RWzS5M6Xfa,0,123,39,123,0,1,294,9,9,1,0,1,1,76,1,76,0,0
1538577081,CPL15a24ObAo7OLPo5,0,123,31,123,0,1,295,9,9,1,0,1,1,76,1,76,0,0
1538577090,CZFTEl3fH9UJPC0I71,0,123,5,123,0,1,296,9,9,1,0,1,1,76,1,76,0,0
1538577123,C70wVf3rTAzijFLlpc,0,123,9,123,0,1,297,9,9,1,0,1,1,76,1,76,0,0
1538577172,Cn1Ae2BePnITTnQrc,0,123,29,123,0,1,298,9,9,1,0,1,1,76,1,76,0,0
1538577173,CZjzQ64Va0me5KSmje,0,123,33,123,0,1,299,9,9,1,0,1,1,76,1,76,0,0
1538577209,CNwmi2oOH9CPDPrBf,0,123,39,123,0,1,300,9,9,1,0,1,1,76,1,76,0,0
1538577216,CX6CKfkXxCcI5y3xe,0,123,31,123,0,1,301,9,9,1,0,1,1,76,1,76,0,0
1538577218,CAKyk92qW4OtdtOf5f,0,123,5,123,0,1,302,9,9,1,0,1,1,76,1,76,0,0
1538577252,CRqQhm3LQl7DnaPeY1,0,123,9,123,0,1,303,9,9,1,0,1,1,76,1,76,0,0
1538577304,Celz0z4skXJCh8VQyb,0,123,33,123,0,1,304,9,9,1,0,1,1,76,1,76,0,0
1538577305,CxytXQHXLfAk9EYNc,0,123,29,123,0,1,305,9,9,1,0,1,1,76,1,76,0,0
1538577343,CJcScQ2PsxLvumcnhj,0,123,39,123,0,1,306,9,9,1,0,1,1,76,1,76,0,0
1538577346,C5faEi1hnLrrkkhMj,0,123,5,123,0,1,307,9,9,1,0,1,1,76,1,76,0,0
1538577348,CUhpTg3MPVy9p2RLZ2,0,123,31,123,0,1,308,9,9,1,0,1,1,76,1,76,0,0
1538577386,CTyeHr2AviAktL0ii5,0,123,9,123,0,1,309,9,9,1,0,1,1,76,1,76,0,0
1538577433,CXUQmo1V74GM9rLDqf,0,123,29,123,0,1,172,9,9,1,0,1,1,76,1,76,0,0
1538577434,CdE2E34eHEZdFAG6Wh,0,123,33,123,0,1,310,9,9,1,0,1,1,76,1,76,0,0
1538577475,CYJo0a3F0nclpO5th8,0,123,39,123,0,1,311,9,9,1,0,1,1,76,1,76,0,0
1538577476,C7aJOR1GEklmK1Jzka,0,123,5,123,0,1,312,9,9,1,0,1,1,76,1,76,0,0
1538577477,CyA2to2nEkrhBnMhF8,0,123,31,123,0,1,43,9,9,1,0,1,1,76,1,76,0,0
1538577518,CH84bQ3ri4W7qysCuc,0,123,9,123,0,1,313,9,9,1,0,1,1,76,1,76,0,0
1538577563,C3jTflpf3mJtiEco9,0,123,33,123,0,1,314,9,9,1,0,1,1,76,1,76,0,0
1538577568,CQJq4C3PlmIu9fHgVd,0,123,29,123,0,1,315,9,9,1,0,1,1,76,1,76,0,0
1538577605,CFRu0A1a93GnZI6iGh,0,123,5,123,0,1,316,9,9,1,0,1,1,76,1,76,0,0
1538577607,Ce6wxN3VVlrmejtUN,0,123,31,123,0,1,317,9,9,1,0,1,1,76,1,76,0,0
1538577609,C4Srpz4zcL5LYILnEg,0,123,39,123,0,1,318,9,9,1,0,1,1,76,1,76,0,0
1538577651,CuU5m63JiACND7Mdhc,0,123,9,123,0,1,319,9,9,1,0,1,1,76,1,76,0,0
1538577691,CQkFur1eGLJZ3kNzC2,0,123,33,123,0,1,320,9,9,1,0,1,1,76,1,76,0,0
1538577736,C2xAhh1RrbsZofyikd,0,123,31,123,0,1,321,9,9,1,0,1,1,76,1,76,0,0
1538577736,CuZZ4Mh2TJUieuDua,0,123,5,123,0,1,205,9,9,1,0,1,1,76,1,76,0,0
1538577739,CvMRmj2HT5Aza6dfze,0,123,39,123,0,1,322,9,9,1,0,1,1,76,1,76,0,0
1538577837,Cvua0E2A6v3jrCJzHg,0,123,29,123,0,1,323,9,9,1,0,1,1,76,1,76,0,0
1538577910,CqfPyBKcd3XqsLf0b,0,123,9,123,0,1,0,0,0,0,0,0,1,76,0,0,0,0
1538577947,CPhEDc3SVKXCYz1iNk,0,123,33,123,0,1,0,0,0,0,0,0,1,76,0,0,0,0
1538577997,CqoKFe4azD8YnAURLa,0,123,5,123,0,1,0,0,0,0,0,0,1,76,0,0,0,0
1538577998,Cp3E964bobKL5ze6dg,0,123,39,123,0,1,0,0,0,0,0,0,1,76,0,0,0,0
1538578002,CIpeEz48fsfllZvMUk,0,123,31,123,0,1,0,0,0,0,0,0,1,76,0,0,0,0
1538578106,CGlqXV1jVvX4W9LK33,0,123,29,123,0,1,0,0,0,0,0,0,1,76,0,0,0,0
1538578169,CASf163YBfLLioFXkl,0,123,9,123,0,1,0,0,0,0,0,0,1,76,0,0,0,0
1538578218,CcFoQd3CyfVHkCi0rd,0,123,33,123,0,1,0,0,0,0,0,0,1,76,0,0,0,0
1538578258,CSPQOM3AlK0E7NiQAj,0,123,5,123,0,1,0,0,0,0,0,0,1,76,0,0,0,0
1538578268,Co6RfN2r5JCb7eolH3,0,123,39,123,0,1,0,0,0,0,0,0,1,76,0,0,0,0
1538578272,C66iJ198CMBD0VQde,0,123,31,123,0,1,0,0,0,0,0,0,1,76,0,0,0,0
1538578365,CDojN73NrPZKVb1Om6,0,123,29,123,0,1,0,0,0,0,0,0,1,76,0,0,0,0
1538578438,CyNWRw2JItthRHa3Wb,0,123,9,123,0,1,0,0,0,0,0,0,1,76,0,0,0,0
1538578486,CwuPb8316db7rtXgVb,0,123,33,123,0,1,128,9,9,1,0,1,1,76,1,76,0,0
1538578524,CnbhyE48bbnzD5MBSh,0,123,5,123,0,1,0,0,0,0,0,0,1,76,0,0,0,0
1538578536,CBzAsZhbX6Ai6rM89,0,123,39,123,0,1,0,0,0,0,0,0,1,76,0,0,0,0
1538578537,CedEY84bq8JKWyYIsf,0,123,31,123,0,1,0,0,0,0,0,0,1,76,0,0,0,0
1538578621,CQ7Ods1zlUe91eShse,0,123,29,123,0,1,0,0,0,0,0,0,1,76,0,0,0,0
1538578696,CsgxK11CoFnOWFNvB2,0,123,9,123,0,1,0,0,0,0,0,0,1,76,0,0,0,0
1538578750,CsAoxPPCQkfmf9MV1,0,123,33,123,0,1,0,0,0,0,0,0,1,76,0,0,0,0
1538578791,CtJK653r8jbuQfWKMb,0,123,5,123,0,1,0,0,0,0,0,0,1,76,0,0,0,0
1538578798,CW9sPuJ8EUCqcRq8a,0,123,39,123,0,1,0,0,0,0,0,0,1,76,0,0,0,0
1538578805,CoQBOj1aVTZ2bQO8h3,0,123,31,123,0,1,324,9,9,1,0,1,1,76,1,76,0,0
1538578886,CXCJdd2gWTVAmOPXU7,0,123,29,123,0,1,0,0,0,0,0,0,1,76,0,0,0,0
1538578962,C73oQx4Poc1SuprSfj,0,123,9,123,0,1,0,0,0,0,0,0,1,76,0,0,0,0
1538579007,CeM4TtmZBtyfphVs2,0,123,33,123,0,1,0,0,0,0,0,0,1,76,0,0,0,0
1538579062,CPEp3M1KiRWMLP99n2,0,123,5,123,0,1,0,0,0,0,0,0,1,76,0,0,0,0
1538579064,Cr3YiAeswR9IjdJni,0,123,31,123,0,1,0,0,0,0,0,0,1,76,0,0,0,0
1538579066,CUTmEw3qqdBFX7Kid4,0,123,39,123,0,1,0,0,0,0,0,0,1,76,0,0,0,0
1538579142,CNSwGIDSYbg30s4I7,0,123,29,123,0,1,0,0,0,0,0,0,1,76,0,0,0,0
1538579225,CRMCToT9ORIToXffd,0,123,9,123,0,1,0,0,0,0,0,0,1,76,0,0,0,0
1538579266,CMs48z1E4CjNxGnrgj,0,123,33,123,0,1,0,0,0,0,0,0,1,76,0,0,0,0
1538579324,CGYGYF2J8oKR66WDQ6,0,123,31,123,0,1,0,0,0,0,0,0,1,76,0,0,0,0
1538579327,C0jnWR3WLewcBRcUUg,0,123,39,123,0,1,0,0,0,0,0,0,1,76,0,0,0,0
1538579329,CB6uWi3wJAUug5c075,0,123,5,123,0,1,0,0,0,0,0,0,1,76,0,0,0,0
1538579411,CLHSPT1Gwi4x2EhLua,0,123,29,123,0,1,0,0,0,0,0,0,1,76,0,0,0,0
1538579491,CQRTyh3gU184zSPDh7,0,123,9,123,0,1,0,0,0,0,0,0,1,76,0,0,0,0
1538579534,CwYqZFsQeMBAW7K26,0,123,33,123,0,1,0,0,0,0,0,0,1,76,0,0,0,0
1538579580,C0r8GP3tKQUbeE89fh,0,123,31,123,0,1,0,0,0,0,0,0,1,76,0,0,0,0
1538579584,CB8by04HIqrNweGkPi,0,123,39,123,0,1,325,9,9,1,0,1,1,76,1,76,0,0
1538579597,CiTOVy4bDlrMvxMZT8,0,123,5,123,0,1,0,0,0,0,0,0,1,76,0,0,0,0
1538579677,CKfv4z2af80WCA6vx7,0,123,29,123,0,1,0,0,0,0,0,0,1,76,0,0,0,0
1538579747,CUtAuv34KirYH3kKC2,0,123,9,123,0,1,0,0,0,0,0,0,1,76,0,0,0,0
1538579793,ClRikt2P0lTj5yoehh,0,123,33,123,0,1,0,0,0,0,0,0,1,76,0,0,0,0
1538579812,ChYdo935qjEOu8Jkx6,0,123,9,123,0,1,0,0,0,0,0,0,1,76,0,0,0,0
1538579845,C97T1R1G4fE4zCK8Gc,0,123,31,123,0,1,0,0,0,0,0,0,1,76,0,0,0,0
1538579846,CLGfqO3XSURdVPixd7,0,123,39,123,0,1,0,0,0,0,0,0,1,76,0,0,0,0
1538579863,CGg30k4gvswHXeX7L1,0,123,5,123,0,1,0,0,0,0,0,0,1,76,0,0,0,0
1538579879,CATylZ2wEUiXEgIYqk,0,123,9,123,0,1,0,0,0,0,0,0,1,76,0,0,0,0
1538579927,CA5tGi3ZjZXYVuwCAc,0,123,5,123,0,1,0,0,0,0,0,0,1,76,0,0,0,0
1538579935,Cos5fG4h9eibA4KeDg,0,123,29,123,0,1,0,0,0,0,0,0,1,76,0,0,0,0
1538579992,CjcMIJCDDRwLRYHV8,0,123,5,123,0,1,326,9,9,1,0,1,1,76,1,76,0,0
1538580002,Crwcuq2GNGOSN9WU47,0,123,29,123,0,1,0,0,0,0,0,0,1,76,0,0,0,0
1538580055,CYeh7P3vjYeqQ74S24,0,123,33,123,0,1,0,0,0,0,0,0,1,76,0,0,0,0
1538580066,C06QMu13N2VVjhwO7g,0,123,29,123,0,1,0,0,0,0,0,0,1,76,0,0,0,0
1538580104,CB5hyC2UuyBIqYwxy7,0,123,31,123,0,1,0,0,0,0,0,0,1,76,0,0,0,0
1538580110,CsLG7915erbD2S3pMg,0,123,39,123,0,1,0,0,0,0,0,0,1,76,0,0,0,0
1538580251,CLB58xUyzRBze4oYc,0,123,5,123,0,1,190,9,9,1,0,1,1,76,1,76,0,0
1538580326,CG9hkJ2qR2DJ4ZL5q3,0,123,33,123,0,1,0,0,0,0,0,0,1,76,0,0,0,0
1538580326,C4vk6m2YHbYf4QtRm8,0,123,29,123,0,1,0,0,0,0,0,0,1,76,0,0,0,0
1538580373,C00dHd4b6dkjHzAeLh,0,123,31,123,0,1,0,0,0,0,0,0,1,76,0,0,0,0
1538580373,CklgVI3MtoVPwWrZV7,0,123,39,123,0,1,0,0,0,0,0,0,1,76,0,0,0,0
1538580392,CyJ5jL2X5ANXZZr9Nl,0,123,29,123,0,1,327,12,14,1,0,1,6,456,6,456,0,0
1538580416,CHAlUH3cxnv9sH3Vo3,0,123,9,123,0,1,0,0,0,0,0,0,1,76,0,0,0,0
1538580480,Cp5r4U0ktTVplExm3,0,123,9,123,0,1,328,12,14,1,0,1,6,456,6,456,0,0
1538580507,CF2SWi4fSeEgWeKEZ6,0,123,5,123,0,1,0,0,0,0,0,0,1,76,0,0,0,0
1538580585,C00sU13CGqf3iqjyY8,0,123,33,123,0,1,0,0,0,0,0,0,1,76,0,0,0,0
1538580630,CRsHvj4zrG7Bhr6pr4,0,123,39,123,0,1,0,0,0,0,0,0,1,76,0,0,0,0
1538580636,CTYeurgk34Flm1PY2,0,123,31,123,0,1,0,0,0,0,0,0,1,76,0,0,0,0
1538580651,CQuDu25jXuKMaTNDl,0,123,33,123,0,1,0,0,0,0,0,0,1,76,0,0,0,0
1538580657,CrwpMk1SC1jxFo5Yxf,0,123,29,123,0,1,0,0,0,0,0,0,1,76,0,0,0,0
1538580717,CqhSzk25i3sCVUdBnd,0,123,33,123,0,1,0,0,0,0,0,0,1,76,0,0,0,0
1538580771,CoIQjE1b7uQvA4dGW8,0,123,5,123,0,1,0,0,0,0,0,0,1,76,0,0,0,0
1538580897,CQUujyrvizbjAYVOb,0,123,39,123,0,1,0,0,0,0,0,0,1,76,0,0,0,0
1538580900,CHiSXi4n9HzVmy2AMl,0,123,31,123,0,1,0,0,0,0,0,0,1,76,0,0,0,0
1538580928,CaZplm4a28DVeoxV0i,0,123,29,123,0,1,0,0,0,0,0,0,1,76,0,0,0,0
1538580966,CGIOAi4E9Hm3IMH6xh,0,123,31,123,0,1,0,0,0,0,0,0,1,76,0,0,0,0
1538580978,CFmekA1JjbKBf61QMc,0,123,33,123,0,1,329,12,14,1,0,1,6,456,6,456,0,0
1538581027,CKfTUwcoVIeLzzoB4,0,123,5,123,0,1,0,0,0,0,0,0,1,76,0,0,0,0
1538581031,C1xfDo4rNYG5CC1lq3,0,123,31,123,0,1,0,0,0,0,0,0,1,76,0,0,0,0
1538581167,C9YIm845Pjsyq8IgDb,0,123,39,123,0,1,0,0,0,0,0,0,1,76,0,0,0,0
1538581193,CYOZVH1U84No8h7nf1,0,123,29,123,0,1,0,0,0,0,0,0,1,76,0,0,0,0
1538581240,CBweKR2nUlF1lZ9EWc,0,123,33,123,0,1,0,0,0,0,0,0,1,76,0,0,0,0
1538581287,CXqHOE4OJkhwtXdmJ5,0,123,5,123,0,1,0,0,0,0,0,0,1,76,0,0,0,0
1538581300,CksFSc4FVwMMfHi0j5,0,123,31,123,0,1,0,0,0,0,0,0,1,76,0,0,0,0
1538581365,CIb4524GvIWrAjnNXd,0,123,31,123,0,1,0,0,0,0,0,0,1,76,0,0,0,0
1538581429,C1xExO3EHO1PTpl7Gc,0,123,31,123,0,1,0,0,0,0,0,0,1,76,0,0,0,0
1538581436,CUI5us2RKgOfjRaJ2i,0,123,39,123,0,1,0,0,0,0,0,0,1,76,0,0,0,0
1538581450,C1qUBX11snuBVDrfx7,0,123,29,123,0,1,0,0,0,0,0,0,1,76,0,0,0,0
1538581501,CuiSYz2cUyWImrsBd4,0,123,33,123,0,1,0,0,0,0,0,0,1,76,0,0,0,0
1538581528,CyBmXh2VrwTrBKDWte,0,123,9,123,0,1,0,0,0,0,0,0,1,76,0,0,0,0
1538581546,CCIswj45fq2VU2EDwe,0,123,5,123,0,1,0,0,0,0,0,0,1,76,0,0,0,0
1538581695,CT3VWx05KjxmU7ZK,0,123,39,123,0,1,0,0,0,0,0,0,1,76,0,0,0,0
1538581688,C83CD73WlwN9lhh8Aj,0,123,31,123,0,1,330,12,14,1,0,1,6,456,6,456,0,0
1538581717,CTfESg4PUeAMhVd635,0,123,29,123,0,1,331,9,9,1,0,1,1,76,1,76,0,0
1538581759,Cz0tm5S5hmsv5EQuk,0,123,39,123,0,1,0,0,0,0,0,0,1,76,0,0,0,0
1538581764,CSsjhp12w2nImu6eEl,0,123,33,123,0,1,0,0,0,0,0,0,1,76,0,0,0,0
1538581784,ClaXw1xtO4NVEF5rg,0,123,9,123,0,1,0,0,0,0,0,0,1,76,0,0,0,0
1538581811,CyrVzn4YpzT54iJr67,0,123,5,123,0,1,0,0,0,0,0,0,1,76,0,0,0,0
1538581824,COHgo21cc42GXXtEU9,0,123,39,123,0,1,332,9,9,1,0,1,1,76,1,76,0,0
1538581958,C5yRWt29ReH6DxLXml,0,123,31,123,0,1,0,0,0,0,0,0,1,76,0,0,0,0
1538581975,Cq19EWRKq1KKf3rsd,0,123,29,123,0,1,333,9,9,1,0,1,1,76,1,76,0,0
1538582020,CBxFnl2v78dYJVyzzg,0,123,33,123,0,1,0,0,0,0,0,0,1,76,0,0,0,0
1538582048,CCs2m6Zuw2Yctf7q8,0,123,9,123,0,1,0,0,0,0,0,0,1,76,0,0,0,0
1538582067,Cl5gnp3zDn5kd5okD7,0,123,5,123,0,1,0,0,0,0,0,0,1,76,0,0,0,0
1538582090,CoUkbt3oo9qexnvk76,0,123,39,123,0,1,0,0,0,0,0,0,1,76,0,0,0,0
1538582220,CTxTwx2XAL0jYgGMz,0,123,31,123,0,1,0,0,0,0,0,0,1,76,0,0,0,0
1538582239,CbXHuz3RnR27bknt8d,0,123,29,123,0,1,185,9,9,1,0,1,1,76,1,76,0,0
1538582280,CNwnlg37EPRG0mXU6b,0,123,33,123,0,1,0,0,0,0,0,0,1,76,0,0,0,0
1538582316,C4sPMl4e97AyCqLR3h,0,123,9,123,0,1,0,0,0,0,0,0,1,76,0,0,0,0
1538582326,CgFNaG3uwiQq71rzHc,0,123,5,123,0,1,0,0,0,0,0,0,1,76,0,0,0,0
1538582349,Cpikfv4Wp8R7Dyqnjk,0,123,39,123,0,1,0,0,0,0,0,0,1,76,0,0,0,0
1538582391,C2CCYq49DD9UKCSTL6,0,123,5,123,0,1,334,12,14,1,0,1,6,456,6,456,0,0
1538582488,C1uCbS2veJlIt5IF9d,0,123,31,123,0,1,0,0,0,0,0,0,1,76,0,0,0,0
1538582495,Ch3IcX31P4LDDa8M94,0,123,29,123,0,1,0,0,0,0,0,0,1,76,0,0,0,0
1538582546,C44hHm17HZ3lMqs8Tb,0,123,33,123,0,1,0,0,0,0,0,0,1,76,0,0,0,0
1538582582,CFZixq7GeSambADGf,0,123,9,123,0,1,335,9,9,1,0,1,1,76,1,76,0,0
1538582620,CRKq491p1sV0D7ffbh,0,123,39,123,0,1,0,0,0,0,0,0,1,76,0,0,0,0
1538582651,Clvrov1y1MBiwKV276,0,123,5,123,0,1,336,9,9,1,0,1,1,76,1,76,0,0
1538582757,CYzzFLuKwTUdGqeW7,0,123,31,123,0,1,0,0,0,0,0,0,1,76,0,0,0,0
1538582759,ColSKIwMbgWg0npw4,0,123,29,123,0,1,0,0,0,0,0,0,1,76,0,0,0,0
1538582811,CK8GVHikHn8Knpefa,0,123,33,123,0,1,0,0,0,0,0,0,1,76,0,0,0,0
1538582850,CCirM02yFZpAVij87e,0,123,9,123,0,1,0,0,0,0,0,0,1,76,0,0,0,0
1538582884,C8VlX72xjSZM0wB6sb,0,123,39,123,0,1,337,9,9,1,0,1,1,76,1,76,0,0
1538582919,CGY1BL3AwxMuoPo3lj,0,123,5,123,0,1,338,9,9,1,0,1,1,76,1,76,0,0
1538583026,CD2XZVXLv1dp6BElc,0,123,31,123,0,1,0,0,0,0,0,0,1,76,0,0,0,0
1538583026,C9Z7eM2mu59M0QKjw,0,123,29,123,0,1,0,0,0,0,0,0,1,76,0,0,0,0
1538583081,C8xpTZ1HWhK96TiPkc,0,123,33,123,0,1,339,12,14,1,0,1,6,456,6,456,0,0
1538583119,C5hVnG1n0X61ID6XC,0,123,9,123,0,1,0,0,0,0,0,0,1,76,0,0,0,0
1538583141,CewzUg2p6XIh71zpw2,0,123,39,123,0,1,0,0,0,0,0,0,1,76,0,0,0,0
1538583183,Cdd0RAbdP6xCLRm1c,0,123,5,123,0,1,340,9,9,1,0,1,1,76,1,76,0,0
1538583290,CNFLzz15dPIfl1o7ih,0,123,31,123,0,1,0,0,0,0,0,0,1,76,0,0,0,0
1538583296,ClmeRa2Voyef7WLXpa,0,123,29,123,0,1,0,0,0,0,0,0,1,76,0,0,0,0
1538583341,CkM4641FvptE2WZD7e,0,123,33,123,0,1,0,0,0,0,0,0,1,76,0,0,0,0
1538583385,CBphkX2zT8Y766AK7f,0,123,9,123,0,1,341,9,9,1,0,1,1,76,1,76,0,0
1538583410,CHXrRQ3Ws4EjEDtMK,0,123,39,123,0,1,0,0,0,0,0,0,1,76,0,0,0,0
1538583446,CCpZNS101AnYHGCVx3,0,123,5,123,0,1,0,0,0,0,0,0,1,76,0,0,0,0
1538583554,CkNnD3oxopPdEoQQ6,0,123,31,123,0,1,0,0,0,0,0,0,1,76,0,0,0,0
1538583554,C4MNKA1WsDm3DVliac,0,123,29,123,0,1,0,0,0,0,0,0,1,76,0,0,0,0
1538583601,Cu9iHCU1EeSpP0Vh9,0,123,33,123,0,1,0,0,0,0,0,0,1,76,0,0,0,0
1538583644,Cwji7H3jFLHwjddxy9,0,123,9,123,0,1,342,9,9,1,0,1,1,76,1,76,0,0
1538583669,CUZl8t29KEN2fGuVMg,0,123,39,123,0,1,0,0,0,0,0,0,1,76,0,0,0,0
1538583716,CfRujn3iM7tXOlhf67,0,123,5,123,0,1,0,0,0,0,0,0,1,76,0,0,0,0
1538583810,ChL0bOGgZ0my94Ktc,0,123,29,123,0,1,0,0,0,0,0,0,1,76,0,0,0,0
1538583822,CQNkrngsOHZ9YVSTd,0,123,31,123,0,1,343,12,14,1,0,1,6,456,6,456,0,0
1538583859,CkK2DkbYbik6altUl,0,123,33,123,0,1,0,0,0,0,0,0,1,76,0,0,0,0
1538583910,CdKgdI1vjlWdmt2ze5,0,123,9,123,0,1,344,9,9,1,0,1,1,76,1,76,0,0
1538583927,CDxVen10ukDAnTDpTi,0,123,39,123,0,1,345,9,9,1,0,1,1,76,1,76,0,0
1538583978,C3Q5LfHtx2Hy2JXO9,0,123,5,123,0,1,0,0,0,0,0,0,1,76,0,0,0,0
1538584080,Cg65Ys1br4PcekAw26,0,123,29,123,0,1,0,0,0,0,0,0,1,76,0,0,0,0
1538584094,CEcL8MSB6m9xvJ42d,0,123,31,123,0,1,0,0,0,0,0,0,1,76,0,0,0,0
1538584125,CZpJTr194Og7DETJpg,0,123,33,123,0,1,346,9,9,1,0,1,1,76,1,76,0,0
1538584169,C8H8773ceYefzLcEde,0,123,9,123,0,1,0,0,0,0,0,0,1,76,0,0,0,0
1538584236,CFGjaTjigHJBw6Xge,0,123,5,123,0,1,0,0,0,0,0,0,1,76,0,0,0,0
1538584347,CPoaViH6w6E1CYYh7,0,123,29,123,0,1,0,0,0,0,0,0,1,76,0,0,0,0
1538584363,CqTO5t12BghtTFhJSd,0,123,31,123,0,1,0,0,0,0,0,0,1,76,0,0,0,0
1538584413,CYasuo3vb52ywkAcF9,0,123,29,123,0,1,0,0,0,0,0,0,1,76,0,0,0,0
1538584429,CXbEh03aL6iA3osNeh,0,123,9,123,0,1,0,0,0,0,0,0,1,76,0,0,0,0
1538584444,CHanpn168vuc1YdmLf,0,123,39,123,0,1,0,0,0,0,0,0,1,76,0,0,0,0
1538584477,CAcZ2K1ssMDFVGzM0h,0,123,29,123,0,1,0,0,0,0,0,0,1,76,0,0,0,0
1538584492,CEmEHs1aeXcV68WtQ5,0,123,5,123,0,1,0,0,0,0,0,0,1,76,0,0,0,0
1538584619,CKeUU03eOeWfFCIxW,0,123,31,123,0,1,347,9,9,1,0,1,1,76,1,76,0,0
1538584659,Cttgsq4htluw0WO8x9,0,123,33,123,0,1,0,0,0,0,0,0,1,76,0,0,0,0
1538584698,CgsRcZ1aUsZOXLRj3e,0,123,9,123,0,1,0,0,0,0,0,0,1,76,0,0,0,0
1538584758,CLQGFe1ZsWQMmF6pHk,0,123,5,123,0,1,0,0,0,0,0,0,1,76,0,0,0,0
1538584965,C6NYKHwczPlvnDLyi,0,123,9,123,0,1,0,0,0,0,0,0,1,76,0,0,0,0
1538584977,CAzK401SQlDV88BfB5,0,123,39,123,0,1,348,9,9,1,0,1,1,76,1,76,0,0
1538585002,C7c9SE1OZXPb96ffP1,0,123,29,123,0,1,0,0,0,0,0,0,1,76,0,0,0,0
1538585014,C27mev4DDTi6esV5Ig,0,123,5,123,0,1,349,9,9,1,0,1,1,76,1,76,0,0
1538585067,CnW3592OYPUwwKKzK7,0,123,29,123,0,1,0,0,0,0,0,0,1,76,0,0,0,0
1538585132,CAz2VV3GK3cAai3jU3,0,123,29,123,0,1,350,9,9,1,0,1,1,76,1,76,0,0
1538585152,CNv1utXf2BSxuNHa3,0,123,31,123,0,1,0,0,0,0,0,0,1,76,0,0,0,0
1538585183,C9EStBJnY0TPVpVqe,0,123,33,123,0,1,0,0,0,0,0,0,1,76,0,0,0,0
1538585232,COdkzg4kMlsOw5L69j,0,123,9,123,0,1,0,0,0,0,0,0,1,76,0,0,0,0
1538585497,CrWlir4OdxEgPwL7Uc,0,123,9,123,0,1,0,0,0,0,0,0,1,76,0,0,0,0
1538585516,CasLpe2llNhhDo5FF7,0,123,39,123,0,1,0,0,0,0,0,0,1,76,0,0,0,0
1538585548,CCgOCo2qItDZ8qLaik,0,123,5,123,0,1,0,0,0,0,0,0,1,76,0,0,0,0
1538585658,Co3VZQ2vBgADeNn8wg,0,123,29,123,0,1,0,0,0,0,0,0,1,76,0,0,0,0
1538585689,C12oWg1vM653uXIJkb,0,123,31,123,0,1,0,0,0,0,0,0,1,76,0,0,0,0
1538585712,CnC5Fg3R41KisKFbi,0,123,33,123,0,1,0,0,0,0,0,0,1,76,0,0,0,0
1538585761,CyyboN1Ijg0wuj7usl,0,123,9,123,0,1,351,9,9,1,0,1,1,76,1,76,0,0
1538586030,Cj1O313hG4w6aX6oZd,0,123,39,123,0,1,0,0,0,0,0,0,1,76,0,0,0,0
1538586072,Cjmv7x22nF23YAuSoe,0,123,5,123,0,1,0,0,0,0,0,0,1,76,0,0,0,0
1538586174,CCgGfs401wSsqcg0Dh,0,123,29,123,0,1,0,0,0,0,0,0,1,76,0,0,0,0
1538586219,CndMyl1pF9AZscvpfg,0,123,31,123,0,1,0,0,0,0,0,0,1,76,0,0,0,0
1538586254,C27Oz52J1xido4YSAb,0,123,33,123,0,1,352,9,9,1,0,1,1,76,1,76,0,0
1538586297,C4jUbg3u3AwGpeSCD6,0,123,9,123,0,1,353,9,9,1,0,1,1,76,1,76,0,0
1538586557,CDfx7GgLJ40sP5zb6,0,123,39,123,0,1,0,0,0,0,0,0,1,76,0,0,0,0
1538586603,CGHl243eKt7IrWXOs2,0,123,5,123,0,1,354,9,9,1,0,1,1,76,1,76,0,0
1538586693,C82yL31QexI6LJOF9b,0,123,29,123,0,1,0,0,0,0,0,0,1,76,0,0,0,0
1538586761,CU85HL2CImZTiROSW8,0,123,31,123,0,1,355,9,9,1,0,1,1,76,1,76,0,0
1538586779,C09E733uUGwzCW6Fc5,0,123,33,123,0,1,0,0,0,0,0,0,1,76,0,0,0,0
1538586823,CS3nYo2ML8IWfQ3jQ1,0,123,9,123,0,1,0,0,0,0,0,0,1,76,0,0,0,0
1538587098,CDQVN4FzA8AjdN1V1,0,123,39,123,0,1,0,0,0,0,0,0,1,76,0,0,0,0
1538587124,Cjzvs7RFEIT34leob,0,123,5,123,0,1,0,0,0,0,0,0,1,76,0,0,0,0
1538587214,C3Bcmb3EvgvZARlgua,0,123,29,123,0,1,0,0,0,0,0,0,1,76,0,0,0,0
1538587298,CJL5Oh3mxyd0nvYjSk,0,123,31,123,0,1,356,9,9,1,0,1,1,76,1,76,0,0
1538587314,CZ75km1EHSsDRqj8Df,0,123,33,123,0,1,0,0,0,0,0,0,1,76,0,0,0,0
1538587343,CMiNUP1jLrXNvkaYF7,0,123,9,123,0,1,0,0,0,0,0,0,1,76,0,0,0,0
1538587622,CJOZ2P3yD1mmUpJ1rb,0,123,39,123,0,1,0,0,0,0,0,0,1,76,0,0,0,0
1538587636,C087mz1SvNsTMMDBVl,0,123,5,123,0,1,199,9,9,1,0,1,1,76,1,76,0,0
1538587738,C9epgR3cn4eWEZlAfe,0,123,29,123,0,1,0,0,0,0,0,0,1,76,0,0,0,0
1538587824,CsJQ9K3FgQ25X8Sxb9,0,123,31,123,0,1,0,0,0,0,0,0,1,76,0,0,0,0
1538587846,Cuh6V34nGlW9kuWCQk,0,123,33,123,0,1,0,0,0,0,0,0,1,76,0,0,0,0
1538587875,C9WgX64SKOeCPIuqD2,0,123,9,123,0,1,357,9,9,1,0,1,1,76,1,76,0,0
1538588144,CthokD3GSvGcTVqmBk,0,123,39,123,0,1,0,0,0,0,0,0,1,76,0,0,0,0
1538588176,ClGBCAsOyQRjJwaOi,0,123,5,123,0,1,199,9,9,1,0,1,1,76,1,76,0,0
1538588262,CfvkH718kOAp69XEQ6,0,123,29,123,0,1,0,0,0,0,0,0,1,76,0,0,0,0
1538588347,CB27cR2ogmw8rarSE4,0,123,31,123,0,1,358,9,9,1,0,1,1,76,1,76,0,0
1538588367,C5dC6Y17NvJFqNkY27,0,123,33,123,0,1,359,9,9,1,0,1,1,76,1,76,0,0
1538588405,CtvXKH29EfyaMzPIr3,0,123,9,123,0,1,360,9,9,1,0,1,1,76,1,76,0,0
1538588686,CHa95H2FvB6gwMB448,0,123,39,123,0,1,0,0,0,0,0,0,1,76,0,0,0,0
1538588711,CUYH3F3whPIxRR8PV2,0,123,5,123,0,1,0,0,0,0,0,0,1,76,0,0,0,0
1538588798,CsvZU73w3YlcCsYdTl,0,123,29,123,0,1,0,0,0,0,0,0,1,76,0,0,0,0
1538588885,CK7F3O3jzV08MVTdk4,0,123,31,123,0,1,0,0,0,0,0,0,1,76,0,0,0,0
1538588898,Cxy23o4j71O4DFJuNd,0,123,33,123,0,1,0,0,0,0,0,0,1,76,0,0,0,0
1538588917,CW6VVp2ZA7BtMtv7mh,0,123,9,123,0,1,361,9,9,1,0,1,1,76,1,76,0,0
1538589212,ClKgqs21fPcxYDwCOk,0,123,39,123,0,1,0,0,0,0,0,0,1,76,0,0,0,0
1538589244,CzE0BZ1FFMPB28Tbi,0,123,5,123,0,1,362,9,9,1,0,1,1,76,1,76,0,0
1538589279,C4jggP28MYcZKh2zs4,0,123,39,123,0,1,363,12,14,1,0,1,6,456,6,456,0,0
1538589319,CfmPZa3Js7EczKsoFa,0,123,29,123,0,1,0,0,0,0,0,0,1,76,0,0,0,0
1538589384,CDpjEC3H5jgHP0nu2l,0,123,29,123,0,1,339,12,14,1,0,1,6,456,6,456,0,0
1538589400,CFyxhA1CF9e4rnliNl,0,123,31,123,0,1,0,0,0,0,0,0,1,76,0,0,0,0
1538589425,C8Onu63QaihL85znS1,0,123,33,123,0,1,364,9,9,1,0,1,1,76,1,76,0,0
1538589457,CjUtaa4bmGR0nFhGb5,0,123,9,123,0,1,365,9,9,1,0,1,1,76,1,76,0,0
1538589756,CGF9Ut3azA9kKp4MW5,0,123,5,123,0,1,0,0,0,0,0,0,1,76,0,0,0,0
1538589823,Cb4UWL3ulRU8bX6OM8,0,123,39,123,0,1,366,9,9,1,0,1,1,76,1,76,0,0
1538589930,CHzjR94PVw72ksCbU3,0,123,31,123,0,1,0,0,0,0,0,0,1,76,0,0,0,0
1538589940,CM9LnIWu9puNlOTig,0,123,33,123,0,1,367,9,9,1,0,1,1,76,1,76,0,0
1538590000,C8BOEF23nbqNsenRza,0,123,9,123,0,1,0,0,0,0,0,0,1,76,0,0,0,0
1538590295,C4Lupt17mDPCtgfSl7,0,123,5,123,0,1,0,0,0,0,0,0,1,76,0,0,0,0
1538590351,C4cuIV2Rgiu0BFGfXa,0,123,39,123,0,1,0,0,0,0,0,0,1,76,0,0,0,0
1538590450,C1REjTEaw0YYOD4G2,0,123,31,123,0,1,0,0,0,0,0,0,1,76,0,0,0,0
1538590455,CplArU14wceCSY4foh,0,123,29,123,0,1,0,0,0,0,0,0,1,76,0,0,0,0
1538590481,CWO6Qc2kAh1OwkYsj9,0,123,33,123,0,1,0,0,0,0,0,0,1,76,0,0,0,0
1538590529,CD69ln16j6eIlAOgjd,0,123,9,123,0,1,0,0,0,0,0,0,1,76,0,0,0,0
1538590810,CRvEZELH2oM3GCIbj,0,123,5,123,0,1,0,0,0,0,0,0,1,76,0,0,0,0
1538590875,Cz0GPk2dKcXU5NceWg,0,123,39,123,0,1,0,0,0,0,0,0,1,76,0,0,0,0
1538590972,CfBv7C2kdZo7UOtcMl,0,123,31,123,0,1,0,0,0,0,0,0,1,76,0,0,0,0
1538590996,C6t0ee2MrXCFZJKoK,0,123,29,123,0,1,0,0,0,0,0,0,1,76,0,0,0,0
1538590997,CkSibL3UoSKDRUc9xb,0,123,33,123,0,1,0,0,0,0,0,0,1,76,0,0,0,0
1538591046,Cq44fKggtkQg87slc,0,123,9,123,0,1,0,0,0,0,0,0,1,76,0,0,0,0
1538591323,C7ibTM33GctXSWlTwh,0,123,5,123,0,1,0,0,0,0,0,0,1,76,0,0,0,0
1538591410,CAcfbv2F5P3xF15UI,0,123,39,123,0,1,0,0,0,0,0,0,1,76,0,0,0,0
1538591504,CX7bht4x5Gf1oRf9hi,0,123,31,123,0,1,0,0,0,0,0,0,1,76,0,0,0,0
1538591512,Crxsvo2wVl8lauYUwh,0,123,33,123,0,1,0,0,0,0,0,0,1,76,0,0,0,0
1538591514,CsIC5N2EjCXJ912Hn9,0,123,29,123,0,1,0,0,0,0,0,0,1,76,0,0,0,0
1538591564,CIItnY3ypbeq2s5Lt9,0,123,9,123,0,1,0,0,0,0,0,0,1,76,0,0,0,0
1538591866,CM38u2uRDniFgBVhk,0,123,5,123,0,1,0,0,0,0,0,0,1,76,0,0,0,0
1538591950,CPHts52aa1W4ES2IQ9,0,123,39,123,0,1,0,0,0,0,0,0,1,76,0,0,0,0
1538592026,CRzGLL3QN28c07r0I7,0,123,31,123,0,1,0,0,0,0,0,0,1,76,0,0,0,0
1538592028,Ct1tsC3IRN3drULsI2,0,123,29,123,0,1,0,0,0,0,0,0,1,76,0,0,0,0
1538592040,CiupGo9IwNmmhhRL1,0,123,33,123,0,1,0,0,0,0,0,0,1,76,0,0,0,0
1538592082,C5pJMA6be5gxxzBu5,0,123,9,123,0,1,0,0,0,0,0,0,1,76,0,0,0,0
1538592406,C5W6w9vDD0R1HjFti,0,123,5,123,0,1,0,0,0,0,0,0,1,76,0,0,0,0
1538592475,CMQVDS3yUV3AHTg5v9,0,123,39,123,0,1,0,0,0,0,0,0,1,76,0,0,0,0
1538592554,CA16dj1OmsVgQlsPKg,0,123,33,123,0,1,0,0,0,0,0,0,1,76,0,0,0,0
1538592566,CkoR9oXxBSR7G7N2b,0,123,29,123,0,1,0,0,0,0,0,0,1,76,0,0,0,0
1538592556,CWXbTY3eT8G0WNFXHe,0,123,31,123,0,1,368,12,14,1,0,1,6,456,6,456,0,0
1538592607,CUbVvF2sS3fnRjqtX,0,123,9,123,0,1,0,0,0,0,0,0,1,76,0,0,0,0
1538592936,CNGjsF32ptFrciLrUb,0,123,5,123,0,1,0,0,0,0,0,0,1,76,0,0,0,0
1538592991,Cs95YXcVb9fCX39I1,0,123,39,123,0,1,0,0,0,0,0,0,1,76,0,0,0,0
1538593070,CDgVjs2388acUEFNFl,0,123,33,123,0,1,0,0,0,0,0,0,1,76,0,0,0,0
1538593074,CRMr8S14RVum6qRy0g,0,123,31,123,0,1,0,0,0,0,0,0,1,76,0,0,0,0
1538593139,Cyrg8t1OiPoj1L6H8e,0,123,9,123,0,1,0,0,0,0,0,0,1,76,0,0,0,0
1538593456,CQQ6UN1rQ6rnt4XAJ7,0,123,5,123,0,1,0,0,0,0,0,0,1,76,0,0,0,0
1538593510,C2zxNk13LNX0xYZSLi,0,123,39,123,0,1,0,0,0,0,0,0,1,76,0,0,0,0
1538593523,ClLsBm3ysuJMsdFbsh,0,123,5,123,0,1,0,0,0,0,0,0,1,76,0,0,0,0
1538593589,CU40zk11kwe8o57U2k,0,123,5,123,0,1,0,0,0,0,0,0,1,76,0,0,0,0
1538593597,CAJxdb4PtwkaJlSKW5,0,123,33,123,0,1,0,0,0,0,0,0,1,76,0,0,0,0
1538593611,CAKEuf2O6UNqhwmj89,0,123,29,123,0,1,0,0,0,0,0,0,1,76,0,0,0,0
1538593617,CE9HeM1hTcbcBwdNu5,0,123,31,123,0,1,0,0,0,0,0,0,1,76,0,0,0,0
1538593678,CabXj7XPKeYdXuw2c,0,123,9,123,0,1,0,0,0,0,0,0,1,76,0,0,0,0
1538593743,C69reI20COcfcrBY49,0,123,9,123,0,1,0,0,0,0,0,0,1,76,0,0,0,0
1538593810,CXJkLC2BXPKzmwjw49,0,123,9,123,0,1,0,0,0,0,0,0,1,76,0,0,0,0
1538594031,CY62p51eAieir2ZKH3,0,123,39,123,0,1,369,12,14,1,0,1,6,456,6,456,0,0
1538594117,C6QVXU2IdPGDQyjkOf,0,123,33,123,0,1,0,0,0,0,0,0,1,76,0,0,0,0
1538594160,CGkGQ946dKvKoce4Pe,0,123,31,123,0,1,0,0,0,0,0,0,1,76,0,0,0,0
1538594184,C67qda8zVvZszj3ia,0,123,33,123,0,1,0,0,0,0,0,0,1,76,0,0,0,0
1538594250,CxN7q91CmEhbuaaICk,0,123,33,123,0,1,0,0,0,0,0,0,1,76,0,0,0,0
1538594657,C7ZlQjPdm4qKRmIRd,0,123,5,123,0,1,0,0,0,0,0,0,1,76,0,0,0,0
1538594677,CVDtik1pmJ6R8yhjrf,0,123,29,123,0,1,0,0,0,0,0,0,1,76,0,0,0,0
1538594681,Cn3RLl2TMmeaCsaSTi,0,123,31,123,0,1,0,0,0,0,0,0,1,76,0,0,0,0
1538594721,CqjbiGaFvq69BBxuf,0,123,5,123,0,1,0,0,0,0,0,0,1,76,0,0,0,0
1538594785,C8wBpyAkNYky0xrvj,0,123,5,123,0,1,0,0,0,0,0,0,1,76,0,0,0,0
1538594867,CcYKl64A0fVgL5SpGa,0,123,9,123,0,1,0,0,0,0,0,0,1,76,0,0,0,0
1538594931,CBK2QC1MhNISAUEp2b,0,123,9,123,0,1,0,0,0,0,0,0,1,76,0,0,0,0
1538594997,ClBD8c1f9etDuLH6h1,0,123,9,123,0,1,0,0,0,0,0,0,1,76,0,0,0,0
1538595087,CiE5PP3wpgccB79yw,0,123,39,123,0,1,0,0,0,0,0,0,1,76,0,0,0,0
1538595206,CsSQZz4EmeRfak3h6f,0,123,31,123,0,1,0,0,0,0,0,0,1,76,0,0,0,0
1538595297,CpJsfQ1XUIOFUr20Pj,0,123,33,123,0,1,0,0,0,0,0,0,1,76,0,0,0,0
1538595361,CgKVFY1KEcyHks1Vh5,0,123,33,123,0,1,0,0,0,0,0,0,1,76,0,0,0,0
1538595428,CFhEh91HtvjiSKMBDe,0,123,33,123,0,1,0,0,0,0,0,0,1,76,0,0,0,0
1538595736,CUUFM1nMAEeaWMKT6,0,123,31,123,0,1,0,0,0,0,0,0,1,76,0,0,0,0
1538595746,CqUknvyzfzlwpDnri,0,123,29,123,0,1,0,0,0,0,0,0,1,76,0,0,0,0
1538595813,CT3Nk13dnzoM8CtSmg,0,123,29,123,0,1,0,0,0,0,0,0,1,76,0,0,0,0
1538595858,CQQytx1mWg0qJa6wy6,0,123,5,123,0,1,0,0,0,0,0,0,1,76,0,0,0,0
1538595877,C8Lq2A2gIqzIdITjWk,0,123,29,123,0,1,0,0,0,0,0,0,1,76,0,0,0,0
1538595946,CZAbcT1whCaZTxnfMe,0,44010,0,53,0,0,143,6,6,1,0,1,1,73,1,73,0,0
1538595936,CyLZMO302twTLiGJP8,0,43632,0,53,0,0,370,2,2,0,0,0,2,134,0,0,0,0
1538595946,CLyOYe1oOuE6zUyvI9,0,43999,0,53,0,0,41,6,6,1,0,1,1,73,1,73,0,0
1538595956,CBpWKj4H3KYXvBu5y6,0,34164,0,53,0,0,371,6,6,1,0,1,1,73,1,73,0,0
1538595946,CVCdD74ZmvzGTHdY71,0,54815,0,53,0,0,372,2,2,0,0,0,2,134,0,0,0,0
1538595956,CqE7rs1bNgfSdrY473,0,35527,0,53,0,0,373,6,6,1,0,1,1,73,1,73,0,0
1538595922,CHEDMI3H170vCPQLfh,0,123,5,123,0,1,0,0,0,0,0,0,1,76,0,0,0,0
1538595965,CFwKQ94riTZofkHjT8,0,53323,0,53,0,0,374,2,2,0,0,0,2,134,0,0,0,0
1538595975,CU2MAY1djrnGyAe3Y8,0,37851,0,53,0,0,375,6,6,1,0,1,1,73,1,73,0,0
1538595975,CJSxGGKdfDNKCKn05,0,58065,0,53,0,0,51,6,6,1,0,1,1,73,1,73,0,0
1538595988,ClJ5iMWQ6zSAMSRg4,0,39863,0,53,0,0,87,6,6,1,0,1,1,73,1,73,0,0
1538595978,Cz06ykxvqMf2PfR78,0,55132,0,53,0,0,376,2,2,0,0,0,2,134,0,0,0,0
1538595988,CN57Ji2P4RZ2RWqyKb,0,59826,0,53,0,0,41,6,6,1,0,1,1,73,1,73,0,0
1538596010,CsbYtR1Mwcij5ICeEf,0,41886,0,53,0,0,377,6,6,1,0,1,1,73,1,73,0,0
1538596000,CG0IT91cHpeBXMa1sh,0,53832,0,53,0,0,378,2,2,0,0,0,2,134,0,0,0,0
1538596010,CeWn9U2Ervl3y2zGLd,0,60672,0,53,0,0,51,6,6,1,0,1,1,73,1,73,0,0
1538596023,C7mx6LxVp82GuHDYh,0,49915,0,53,0,0,106,6,6,1,0,1,1,73,1,73,0,0
1538596013,CS52Oe3C7npNWgw60f,0,36076,0,53,0,0,379,2,2,0,0,0,2,134,0,0,0,0
1538596023,C45MB8hinJS9HG2Vg,0,34303,0,53,0,0,41,6,6,1,0,1,1,73,1,73,0,0
1538595986,CslBO545t6T437fEI4,0,123,5,123,0,1,0,0,0,0,0,0,1,76,0,0,0,0
1538596039,CSfeOI3VNLQ3dTcnR9,0,39209,0,53,0,0,72,6,6,1,0,1,1,73,1,73,0,0
1538596029,CJNidx4GWNtSWVZRTc,0,37833,0,53,0,0,380,2,2,0,0,0,2,134,0,0,0,0
1538596039,CuCsTXyfBzhqa8nlh,0,46411,0,53,0,0,71,6,6,1,0,1,1,73,1,73,0,0
1538596052,Crl82G3ZpLRZoXarB5,0,51754,0,53,0,0,381,6,6,1,0,1,1,73,1,73,0,0
1538596042,CS7r1O2rGypLbXRwL7,0,37660,0,53,0,0,382,2,2,0,0,0,2,134,0,0,0,0
1538596052,CQ583J1Mj3pKOLsvv3,0,57498,0,53,0,0,333,6,6,1,0,1,1,73,1,73,0,0
1538596077,Cxeqna1LPEoS0MLTCh,0,54346,0,53,0,0,383,6,6,1,0,1,1,73,1,73,0,0
1538596067,C9bPZ31cA1aA3rTEck,0,44250,0,53,0,0,191,2,2,0,0,0,2,134,0,0,0,0
1538596077,CF0MTk4EZtUQpLAjLk,0,50188,0,53,0,0,384,6,6,1,0,1,1,73,1,73,0,0
1538596089,CPnpoi2E1wR0SDB8pe,0,48297,0,53,0,0,385,6,6,1,0,1,1,73,1,73,0,0
1538596079,CbgCnMrw3gMxQj2Ma,0,42732,0,53,0,0,382,2,2,0,0,0,2,134,0,0,0,0
1538596089,CRtCQiJ4rGYbbEqW2,0,55929,0,53,0,0,386,6,6,1,0,1,1,73,1,73,0,0
1538596103,CKLBhg2SIPEO1tAkUf,0,57777,0,53,0,0,387,6,6,1,0,1,1,73,1,73,0,0
1538596093,CH8MWQ1DMhmXn2Beze,0,35028,0,53,0,0,388,2,2,0,0,0,2,134,0,0,0,0
1538596103,Csg3L61XG8n5163zNl,0,60607,0,53,0,0,41,6,6,1,0,1,1,73,1,73,0,0
1538596112,CjwJMi21kM5kyHtmk3,0,55647,0,53,0,0,0,0,0,0,0,0,1,67,0,0,0,0
1538596107,C4qtA43HKmI1TiOwo2,0,42720,0,53,0,0,389,2,5,1,0,1,2,134,1,131,0,0
1538596077,CvRWAo3w9cNmJAWM5i,0,123,9,123,0,1,0,0,0,0,0,0,1,76,0,0,0,0
1538596141,CVkIp21opufdWwHhX2,0,55094,0,53,0,0,390,6,6,1,0,1,1,73,1,73,0,0
1538596131,CfQ3HVDKDLyqyTC57,0,41968,0,53,0,0,391,2,2,0,0,0,2,134,0,0,0,0
1538596141,CvpAtN1AOkKQXXAJDg,0,42820,0,53,0,0,56,6,6,1,0,1,1,73,1,73,0,0
1538596156,CXpqk14DJwuD77L5Gc,0,46178,0,53,0,0,87,6,6,1,0,1,1,73,1,73,0,0
